ModelName,Feature,Importance,SHAP
log0,Age upon Intake Days,2.951674520240949e-05,
log0,Outcome Type_Adoption,0.8792631468345269,
log0,Outcome Type_Died,-0.0065406554717672,
log0,Outcome Type_Disposal,-0.0222015793044275,
log0,Outcome Type_Euthanasia,-0.3304841234381132,
log0,Outcome Type_Missing,0.0460094272714229,
log0,Outcome Type_Relocate,0.0036475807848311,
log0,Outcome Type_Return to Owner,-0.3445469617037135,
log0,Outcome Type_Rto-Adopt,0.0784660911657741,
log0,Outcome Type_Transfer,-0.6942968402291378,
log0,Sex upon Outcome_Intact Female,-0.4538184274024429,
log0,Sex upon Outcome_Intact Male,-0.3684966368441422,
log0,Sex upon Outcome_Neutered Male,0.4465734330002275,
log0,Sex upon Outcome_Spayed Female,0.5286097030476276,
log0,Sex upon Outcome_Unknown,-0.5435519858895063,
log0,Name_Name,0.3258819402056288,
log0,Name_Unknown,-0.7165658542952071,
log0,City_Austin,-0.2330574898403517,
log0,City_Bastrop,-0.0113677936030649,
log0,City_Blanco,-0.0003168414862063,
log0,City_Burnet,-0.0010040109689804,
log0,City_Caldwell,0.0018712220361245,
log0,City_Cave,0.0020862013581858,
log0,City_Creedmoor,-0.0195608133705548,
log0,City_Hays,0.0107233126320272,
log0,City_Hill,-0.0002148394079494,
log0,City_Hills,-0.0001860627239736,
log0,City_Jonestown,0.0015456000537083,
log0,City_Lakeway,-0.017324148854873,
log0,City_Leander,-0.0193705240792355,
log0,City_Leanna,-0.0001964152770673,
log0,City_Manor,-0.0233057375464826,
log0,City_Outside,-0.0181746039352944,
log0,City_Park,0.0025648708977485,
log0,City_Pflugerville,-0.0180981711078447,
log0,City_Ridge,-0.0066110111740332,
log0,City_Rock,-0.0060145278275915,
log0,City_Rollingwood,-0.0003819577630509,
log0,City_Travis,0.0135452312931115,
log0,City_Valle,-0.0404048535804041,
log0,City_Valley,-0.0018822987779435,
log0,City_Venture,-0.0016501970659691,
log0,City_Vista,0.0040956633559143,
log0,City_Webberville,-0.0028341171388072,
log0,City_Williamson,-0.0049183477695634,
log0,Intake Type_Abandoned,-0.0031951719443276,
log0,Intake Type_Euthanasia Request,-0.0176783107523477,
log0,Intake Type_Owner Surrender,-0.4484999651980162,
log0,Intake Type_Public Assist,-0.0287034819193248,
log0,Intake Type_Stray,0.3130327641817751,
log0,Intake Type_Wildlife,-0.2056397484576018,
log0,Intake Condition_Aged,-0.0181337121969853,
log0,Intake Condition_Behavior,-0.0002994763016735,
log0,Intake Condition_Feral,-0.0018939630141685,
log0,Intake Condition_Injured,-0.1210799575933543,
log0,Intake Condition_Medical,0.0009111345226297,
log0,Intake Condition_Normal,-0.5533724954649079,
log0,Intake Condition_Nursing,0.4219304600246666,
log0,Intake Condition_Other,-0.0112916542983652,
log0,Intake Condition_Pregnant,-0.0103452598760732,
log0,Intake Condition_Sick,-0.0971089898896928,
log0,Pet Type_Bird,-0.033027321234024,
log0,Pet Type_Cat,0.4733550881691741,
log0,Pet Type_Dog,-0.6274261262648669,
log0,Pet Type_Livestock,0.0066650917350806,
log0,Pet Type_Other,-0.2102506464947633,
log0,Sex upon Intake_Intact Female,0.3763962261752451,
log0,Sex upon Intake_Intact Male,0.4138279287018243,
log0,Sex upon Intake_Neutered Male,-0.3357511325464937,
log0,Sex upon Intake_Spayed Female,-0.3016049505295724,
log0,Sex upon Intake_Unknown,-0.5435519858895063,
log0,Breed_Australian Cattle Dog Mix,-0.0572891406666163,
log0,Breed_Bat,-0.0585640863083966,
log0,Breed_Bat Mix,-0.080044813105157,
log0,Breed_Chihuahua Shorthair Mix,-0.1483201946494911,
log0,Breed_Domestic Longhair Mix,0.0116255293137512,
log0,Breed_Domestic Medium Hair Mix,0.048342544232126,
log0,Breed_Domestic Shorthair,0.2145727948642294,
log0,Breed_Domestic Shorthair Mix,0.0710280219824166,
log0,Breed_German Shepherd Mix,-0.1065890761488368,
log0,Breed_Labrador Retriever Mix,-0.0782384801547684,
log0,Breed_Other breed,-0.1464463780062099,
log0,Breed_Pit Bull Mix,-0.0988702336433154,
log0,Breed_Siamese Mix,0.0381095982006465,
log0,Color_Black,0.129931971183344,
log0,Color_Black/Brown,0.0023879494053186,
log0,Color_Black/Tan,-0.088126107521623,
log0,Color_Black/White,0.0580356562115551,
log0,Color_Blue,0.019289889687931,
log0,Color_Blue Tabby,0.0574523646401351,
log0,Color_Blue/White,-0.0517346299117004,
log0,Color_Brown,-0.0984073055086176,
log0,Color_Brown Brindle/White,-0.0135191922253112,
log0,Color_Brown Tabby,0.0455745283567344,
log0,Color_Brown Tabby/White,-0.0207793219341952,
log0,Color_Brown/Black,-0.0404862570632607,
log0,Color_Brown/White,-0.0453730666429146,
log0,Color_Calico,-0.0220190016540797,
log0,Color_Orange Tabby,-0.0394927385568027,
log0,Color_Orange Tabby/White,0.0002441451846935,
log0,Color_Other color,-0.0994396749853472,
log0,Color_Red,-0.0255685031614413,
log0,Color_Tan,-0.0227144588801513,
log0,Color_Tan/White,-0.0198198870864498,
log0,Color_Torbie,-0.0063152077968958,
log0,Color_Tortie,0.0168609168650001,
log0,Color_Tricolor,-0.0549612532574191,
log0,Color_White,-0.0225159826102276,
log0,Color_White/Black,0.0103147800259628,
log0,Color_White/Brown,-0.0327022181270944,
log0,Color_White/Tan,-0.026801308725928,
log1,Age_Shift1,-4.572602458918855e-06,
log1,Outcome Type_Euthanasia,-0.6760249739384234,
log1,Outcome Type_Other Outcome,0.0256220367026513,
log1,Outcome Type_Return to Owner,-0.946728933979194,
log1,Outcome Type_Transfer,-1.2972083918327066,
log1,Intake Type_Euthanasia Request,-0.0411034216731899,
log1,Intake Type_Owner Surrender,-0.234208129994307,
log1,Intake Type_Public Assist,-0.0264185232226047,
log1,Intake Type_Stray,0.2777134756449886,
log1,Intake Type_Wildlife,-0.3169867085239984,
log1,Intake Condition_Injured,-0.2601334417238204,
log1,Intake Condition_Normal,-0.481084744232158,
log1,Intake Condition_Nursing,0.6979381310842191,
log1,Intake Condition_Other,-0.0473146698922264,
log1,Intake Condition_Sick,-0.2085848409408497,
log1,Pet Type_Cat,0.5059646775382535,
log1,Pet Type_Dog,-0.5237006852261203,
log1,Pet Type_Other,-0.2748050951818531,
log1,MixBreed_Not,0.1279566724185845,
log1,BaseBreed_Other Bird,-0.0121419316580376,
log1,BaseBreed_Other Cat,0.0044878765380466,
log1,BaseBreed_Other american,0.031516855456712,
log1,BaseBreed_Other australian,-0.0172046485461151,
log1,BaseBreed_Other black,-0.0044411592547798,
log1,BaseBreed_Other bull,0.0328662247300638,
log1,BaseBreed_Other chihuahua,0.0354476371885497,
log1,BaseBreed_Other collie,-0.0431910327913785,
log1,BaseBreed_Other cur,0.0111660149742474,
log1,BaseBreed_Other dachshund,0.0453796513259134,
log1,BaseBreed_Other dog,0.0437135793915659,
log1,BaseBreed_Other great,-0.0033778829112962,
log1,BaseBreed_Other hound,0.0048319066669245,
log1,BaseBreed_Other husky,0.0007393668595223,
log1,BaseBreed_Other miniature,0.0385747036294981,
log1,BaseBreed_Other poodle,0.02126483821706,
log1,BaseBreed_Other retriever,-0.0178418568177481,
log1,BaseBreed_Other schnauzer,-0.0099619979705068,
log1,BaseBreed_Other shepherd,-0.0665388532829432,
log1,BaseBreed_Other shorthair,-0.0068509541042262,
log1,BaseBreed_Other terrier,-0.1570432391714092,
log1,BaseBreed_Other welsh,-0.021060109577314,
log1,BaseBreed_bat,-0.1944141283617623,
log1,BaseBreed_beagle,-0.0608724298931554,
log1,BaseBreed_boxer,-0.050338783869461,
log1,BaseBreed_catahoula,-0.0237545623011656,
log1,BaseBreed_chow chow,0.0040255068481613,
log1,BaseBreed_dachshund,0.0028981514358277,
log1,BaseBreed_domestic longhair,0.0539006731723056,
log1,BaseBreed_domestic medium hair,0.1725868352404661,
log1,BaseBreed_domestic shorthair,0.2068260758189461,
log1,BaseBreed_german shepherd,-0.0910469681669806,
log1,BaseBreed_great pyrenees,-0.0716757318498106,
log1,BaseBreed_guinea pig,-0.0374138083217584,
log1,BaseBreed_maltese,0.0166810534595264,
log1,BaseBreed_miniature poodle,-0.0355469517791199,
log1,BaseBreed_pit bull,0.0079647990713746,
log1,BaseBreed_plott hound,0.0045075307334302,
log1,BaseBreed_pointer,-0.0093220727817782,
log1,BaseBreed_pug,-0.051756166459183,
log1,BaseBreed_rabbit sh,0.0483778698491181,
log1,BaseBreed_raccoon,-0.0724110850736586,
log1,BaseBreed_rat,-0.003978317118195,
log1,BaseBreed_rottweiler,-0.042158962107314,
log1,BaseBreed_shih tzu,0.0219966069155061,
log1,BaseBreed_siamese,0.0681632167578187,
log1,BaseBreed_siberian husky,-0.0632907485009305,
log1,MixColor_No Mix,0.1070967633672456,
log1,BaseColor_Blue,-0.0222809167646835,
log1,BaseColor_Brown,0.0007005290214142,
log1,BaseColor_Buff,-0.0430541392770007,
log1,BaseColor_Calico,-0.0593230888750515,
log1,BaseColor_Chocolate,-0.0269066455988989,
log1,BaseColor_Cream,-0.0039052090342226,
log1,BaseColor_Fawn,0.0201222858431348,
log1,BaseColor_Flame,0.0090077044509792,
log1,BaseColor_Gold,-0.0303051775913085,
log1,BaseColor_Gray,-0.2061679844806221,
log1,BaseColor_Lilac,-0.0026505794325043,
log1,BaseColor_Lynx,-0.0080378501932272,
log1,BaseColor_Orange,-0.1652904788897088,
log1,BaseColor_Other color,-0.0402134241937091,
log1,BaseColor_Red,-0.1210825200826568,
log1,BaseColor_Sable,0.0042993714960513,
log1,BaseColor_Seal,0.0165314528788687,
log1,BaseColor_Silver,-0.0306953184321199,
log1,BaseColor_Tan,-0.0338010635670693,
log1,BaseColor_Torbie,0.0257113811373094,
log1,BaseColor_Tortie,0.0265002011049277,
log1,BaseColor_Tricolor,-0.0862261219683493,
log1,BaseColor_White,0.0440891352503339,
log1,BaseColor_Yellow,0.0641450756872191,
log1,NS_intake_1,0.4855600250304039,
log1,NS_clinic_1,1.270506574903162,
log1,City_Manor,0.04369855991757,
log1,City_Other City,-0.0655320386626432,
log1,City_Pflugerville,0.0257801180450049,
log1,City_Travis,0.2855149065460038,
log1,City_Valle,-0.0084091621431392,
log1,Gender_Male,0.0714170012095494,
log1,Gender_Unknown,-0.8752890289561033,
log1,FirstLetterName_B,0.0452708116392282,
log1,FirstLetterName_C,0.051794922287699,
log1,FirstLetterName_D,0.0979884030156406,
log1,FirstLetterName_E,0.0774165665289165,
log1,FirstLetterName_F,0.0710343984687498,
log1,FirstLetterName_G,0.1361141587760949,
log1,FirstLetterName_H,0.0120722231908899,
log1,FirstLetterName_I,-0.0441303453075591,
log1,FirstLetterName_ID,-0.0465761984296889,
log1,FirstLetterName_J,0.0268505807931708,
log1,FirstLetterName_K,-0.0720437189847773,
log1,FirstLetterName_L,-0.0369785525553107,
log1,FirstLetterName_M,-0.0224094258397768,
log1,FirstLetterName_N,-0.0521985196515634,
log1,FirstLetterName_O,-0.0065078792877301,
log1,FirstLetterName_P,0.1533188632265512,
log1,FirstLetterName_Q,-0.0067663325963742,
log1,FirstLetterName_R,-0.0553765199583133,
log1,FirstLetterName_S,0.0511363439595912,
log1,FirstLetterName_T,0.0733659542018222,
log1,FirstLetterName_U,0.0020709821004903,
log1,FirstLetterName_Unknown,-0.8628820220386427,
log1,FirstLetterName_V,-0.0114593502006385,
log1,FirstLetterName_W,0.0315657751889886,
log1,FirstLetterName_X,-0.0061217366012267,
log1,FirstLetterName_Y,-0.0149004139071502,
log1,FirstLetterName_Z,0.0198512103759977,
log1,NameLengthBin_long,0.2515139050823822,
log1,NameLengthBin_med,0.0906139938032867,
log1,NameLengthBin_short,0.1747838795453735,
xgb0,Age upon Intake Days,0.0379797928035259,0.9809597134590148
xgb0,Outcome Type_Adoption,0.3954319655895233,0.6149367094039917
xgb0,Outcome Type_Died,0.0043963780626654,0.0237905606627464
xgb0,Outcome Type_Disposal,0.0021032027434557,0.0070852767676115
xgb0,Outcome Type_Euthanasia,0.0046505145728588,0.0206921510398387
xgb0,Outcome Type_Missing,0.0088428705930709,0.0042544603347778
xgb0,Outcome Type_Relocate,0.0008031897596083,0.0001397395535605
xgb0,Outcome Type_Return to Owner,0.0097471717745065,0.1025590896606445
xgb0,Outcome Type_Rto-Adopt,0.0093853687867522,0.0075743594206869
xgb0,Outcome Type_Transfer,0.0059523577801883,0.0663078874349594
xgb0,Sex upon Outcome_Intact Female,0.0161515846848487,0.1403344571590423
xgb0,Sex upon Outcome_Intact Male,0.0161553919315338,0.1164019629359245
xgb0,Sex upon Outcome_Neutered Male,0.0103952186182141,0.0703267380595207
xgb0,Sex upon Outcome_Spayed Female,0.0128162382170557,0.1105960384011268
xgb0,Sex upon Outcome_Unknown,0.0198323335498571,0.3045600950717926
xgb0,Name_Name,0.0366506837308406,0.5493992567062378
xgb0,Name_Unknown,0.0,0.0
xgb0,City_Austin,0.0052732089534401,0.0258872341364622
xgb0,City_Bastrop,0.0019877490121871,0.0003654312167782
xgb0,City_Blanco,0.0,0.0
xgb0,City_Burnet,0.0,0.0
xgb0,City_Caldwell,0.0,0.0
xgb0,City_Cave,0.0,0.0
xgb0,City_Creedmoor,0.003300161100924,0.0030486732721328
xgb0,City_Hays,0.003846141276881,0.0016790691297501
xgb0,City_Hill,0.0,0.0
xgb0,City_Hills,0.0,0.0
xgb0,City_Jonestown,0.0015200026100501,0.0008956699748523
xgb0,City_Lakeway,0.0022229352034628,0.002015374135226
xgb0,City_Leander,0.0012142775813117,0.0004890309064649
xgb0,City_Leanna,0.0,0.0
xgb0,City_Manor,0.0044361781328916,0.0065326760523021
xgb0,City_Outside,0.0021964483894407,0.0029114871285855
xgb0,City_Park,0.001786820939742,0.0007160925888456
xgb0,City_Pflugerville,0.0060760756023228,0.0043713771738111
xgb0,City_Ridge,0.0012332354672253,0.0002584622998256
xgb0,City_Rock,0.0026038952637463,0.0009328135638497
xgb0,City_Rollingwood,0.0,0.0
xgb0,City_Travis,0.004581562243402,0.0205570757389068
xgb0,City_Valle,0.0048413136973977,0.0062155108898878
xgb0,City_Valley,0.0,0.0
xgb0,City_Venture,0.0,0.0
xgb0,City_Vista,0.0049019851721823,0.0014856493799015
xgb0,City_Webberville,0.0017072495538741,4.385295687825419e-05
xgb0,City_Williamson,0.0,0.0
xgb0,Intake Type_Abandoned,0.0,0.0
xgb0,Intake Type_Euthanasia Request,0.0024469199124723,0.0051378821954131
xgb0,Intake Type_Owner Surrender,0.0113286348059773,0.0730464160442352
xgb0,Intake Type_Public Assist,0.0056361923925578,0.0150169618427753
xgb0,Intake Type_Stray,0.0065931072458624,0.0376887172460556
xgb0,Intake Type_Wildlife,0.0013165454147383,0.0022266446612775
xgb0,Intake Condition_Aged,0.0027046506293118,0.0060248053632676
xgb0,Intake Condition_Behavior,0.0,0.0
xgb0,Intake Condition_Feral,0.0057104001753032,0.0014550926862284
xgb0,Intake Condition_Injured,0.0124349296092987,0.0216199439018964
xgb0,Intake Condition_Medical,0.0,0.0
xgb0,Intake Condition_Normal,0.010774795897305,0.0432054437696933
xgb0,Intake Condition_Nursing,0.0061702127568423,0.0084192045032978
xgb0,Intake Condition_Other,0.0018523575272411,0.0024945880286395
xgb0,Intake Condition_Pregnant,0.0,0.0
xgb0,Intake Condition_Sick,0.0040850131772458,0.0140786664560437
xgb0,Pet Type_Bird,0.0021730260923504,0.0042320233769714
xgb0,Pet Type_Cat,0.0328872464597225,0.0560818128287792
xgb0,Pet Type_Dog,0.0421624556183815,0.1385591924190521
xgb0,Pet Type_Livestock,0.0010385981295257,0.00016090121062
xgb0,Pet Type_Other,0.0089610647410154,0.0164838470518589
xgb0,Sex upon Intake_Intact Female,0.0056345108896493,0.0279954858124256
xgb0,Sex upon Intake_Intact Male,0.0043862503953278,0.0240076426416635
xgb0,Sex upon Intake_Neutered Male,0.0065324180759489,0.0273859966546297
xgb0,Sex upon Intake_Spayed Female,0.0043321982957422,0.0129525260999798
xgb0,Sex upon Intake_Unknown,0.0,0.0
xgb0,Breed_Australian Cattle Dog Mix,0.0049958815798163,0.0056877750903368
xgb0,Breed_Bat,0.0,0.0
xgb0,Breed_Bat Mix,5.098313340567984e-05,0.0009258824866265
xgb0,Breed_Chihuahua Shorthair Mix,0.0044012502767145,0.0141233466565608
xgb0,Breed_Domestic Longhair Mix,0.0028451886028051,0.0049642012454569
xgb0,Breed_Domestic Medium Hair Mix,0.0067031988874077,0.0151033839210867
xgb0,Breed_Domestic Shorthair,0.014636693522334,0.0496884100139141
xgb0,Breed_Domestic Shorthair Mix,0.0031069931574165,0.0143597284331917
xgb0,Breed_German Shepherd Mix,0.0055247275158762,0.0067987791262567
xgb0,Breed_Labrador Retriever Mix,0.0058721723034977,0.0093921395018696
xgb0,Breed_Other breed,0.004473200533539,0.0188999138772487
xgb0,Breed_Pit Bull Mix,0.0059597301296889,0.0304735172539949
xgb0,Breed_Siamese Mix,0.0044812909327447,0.0055927159264683
xgb0,Color_Black,0.0070095513947308,0.0372802279889583
xgb0,Color_Black/Brown,0.0053242309950292,0.0048962873406708
xgb0,Color_Black/Tan,0.0035223714075982,0.0129466233775019
xgb0,Color_Black/White,0.0046278899535536,0.0186124425381422
xgb0,Color_Blue,0.0047283535823225,0.0018075086409226
xgb0,Color_Blue Tabby,0.0044476082548499,0.0055727949365973
xgb0,Color_Blue/White,0.0029962889384478,0.0071213678456842
xgb0,Color_Brown,0.0042291651479899,0.0171109158545732
xgb0,Color_Brown Brindle/White,0.0039159073494374,0.0032971689943224
xgb0,Color_Brown Tabby,0.004913767799735,0.0121344933286309
xgb0,Color_Brown Tabby/White,0.0047594825737178,0.0115367611870169
xgb0,Color_Brown/Black,0.0035640269052237,0.004478293005377
xgb0,Color_Brown/White,0.0043787192553281,0.0055377599783241
xgb0,Color_Calico,0.0041776704601943,0.0040149125270545
xgb0,Color_Orange Tabby,0.0051772273145616,0.0032065093982964
xgb0,Color_Orange Tabby/White,0.0039681550115346,0.010817127302289
xgb0,Color_Other color,0.0031865534838289,0.0198404155671596
xgb0,Color_Red,0.0026880346704274,0.0017751913983374
xgb0,Color_Tan,0.0036284760572016,0.0042118038982152
xgb0,Color_Tan/White,0.0037179752252995,0.0071813664399087
xgb0,Color_Torbie,0.0020020229276269,0.0021981648169457
xgb0,Color_Tortie,0.0037153481971472,0.0089286202564835
xgb0,Color_Tricolor,0.0066387113183736,0.0287761408835649
xgb0,Color_White,0.0036502738948911,0.0037896214053034
xgb0,Color_White/Black,0.004053889773786,0.0065327589400112
xgb0,Color_White/Brown,0.0027425761800259,0.0033118114806711
xgb0,Color_White/Tan,0.0049994434230029,0.0030413579661399
xgb1,Age_Shift1,0.0298166200518608,0.9221295118331908
xgb1,Outcome Type_Euthanasia,0.0125704621896147,0.0600551515817642
xgb1,Outcome Type_Other Outcome,0.0062074633315205,0.0246537774801254
xgb1,Outcome Type_Return to Owner,0.0128586925566196,0.1819688379764557
xgb1,Outcome Type_Transfer,0.0143599873408675,0.2902230024337768
xgb1,Intake Type_Euthanasia Request,0.0027423985302448,0.0045481463894248
xgb1,Intake Type_Owner Surrender,0.0075855692848563,0.0654248818755149
xgb1,Intake Type_Public Assist,0.0043977778404951,0.0125675853341817
xgb1,Intake Type_Stray,0.0056412359699606,0.045191466808319
xgb1,Intake Type_Wildlife,0.0009381309500895,0.0038183056749403
xgb1,Intake Condition_Injured,0.0122527554631233,0.020136697217822
xgb1,Intake Condition_Normal,0.011997434310615,0.0542352981865406
xgb1,Intake Condition_Nursing,0.0061714062467217,0.0073080114088952
xgb1,Intake Condition_Other,0.0029007941484451,0.0007446241797879
xgb1,Intake Condition_Sick,0.0042337500490248,0.011716746725142
xgb1,Pet Type_Cat,0.0332453846931457,0.037082452327013
xgb1,Pet Type_Dog,0.0624462887644767,0.1327072978019714
xgb1,Pet Type_Other,0.0074102822691202,0.0281410980969667
xgb1,MixBreed_Not,0.0060651302337646,0.044372983276844
xgb1,BaseBreed_Other Bird,0.0012095607817173,0.0028837413992732
xgb1,BaseBreed_Other Cat,0.0038245839532464,0.0032478687353432
xgb1,BaseBreed_Other american,0.0033709241542965,0.0017299627652391
xgb1,BaseBreed_Other australian,0.0036185740027576,0.0003404123417567
xgb1,BaseBreed_Other black,0.0,0.0
xgb1,BaseBreed_Other bull,0.0056820986792445,0.0034348105546087
xgb1,BaseBreed_Other chihuahua,0.0036953662056475,0.0048302188515663
xgb1,BaseBreed_Other collie,0.002899229992181,0.0047285389155149
xgb1,BaseBreed_Other cur,0.0,0.0
xgb1,BaseBreed_Other dachshund,0.0026661914307624,0.0021247940603643
xgb1,BaseBreed_Other dog,0.0030041495338082,0.0187835786491632
xgb1,BaseBreed_Other great,0.0015270380536094,0.000529108394403
xgb1,BaseBreed_Other hound,0.0026615455280989,0.0005257578450255
xgb1,BaseBreed_Other husky,0.0037123400252312,8.005224663065746e-05
xgb1,BaseBreed_Other miniature,0.0045111067593097,0.0030037709511816
xgb1,BaseBreed_Other poodle,0.0016914801672101,0.0021815022919327
xgb1,BaseBreed_Other retriever,0.0068431938998401,0.003184605622664
xgb1,BaseBreed_Other schnauzer,0.0,0.0
xgb1,BaseBreed_Other shepherd,0.0038188314065337,0.008555200882256
xgb1,BaseBreed_Other shorthair,0.0,0.0
xgb1,BaseBreed_Other terrier,0.0036460068076848,0.0045463698916137
xgb1,BaseBreed_Other welsh,0.0011147710029035,0.0007736363913863
xgb1,BaseBreed_bat,0.0011129206977784,0.0002335628232685
xgb1,BaseBreed_beagle,0.0011517981765791,0.0017652461538091
xgb1,BaseBreed_boxer,0.0008464008569717,0.0050161927938461
xgb1,BaseBreed_catahoula,0.0027955879922956,0.0025062528438866
xgb1,BaseBreed_chow chow,0.002070128917694,0.0004789451777469
xgb1,BaseBreed_dachshund,0.0069275675341486,0.002805704018101
xgb1,BaseBreed_domestic longhair,0.0028090449050068,0.0004193607892375
xgb1,BaseBreed_domestic medium hair,0.0042494148947298,0.0098598301410675
xgb1,BaseBreed_domestic shorthair,0.0049283262342214,0.057009182870388
xgb1,BaseBreed_german shepherd,0.0042014769278466,0.007020388264209
xgb1,BaseBreed_great pyrenees,0.0027299041394144,0.0069105098955333
xgb1,BaseBreed_guinea pig,0.0042399624362587,0.0062127611599862
xgb1,BaseBreed_maltese,0.0017139997798949,0.0012307374272495
xgb1,BaseBreed_miniature poodle,0.0041093220934271,0.0053113861940801
xgb1,BaseBreed_pit bull,0.0059347827918827,0.0309735722839832
xgb1,BaseBreed_plott hound,0.005255929660052,0.0016682145651429
xgb1,BaseBreed_pointer,0.0093540167436003,0.0025724179577082
xgb1,BaseBreed_pug,0.0019748888444155,0.0043320986442267
xgb1,BaseBreed_rabbit sh,0.0033758545760065,0.0015371976187452
xgb1,BaseBreed_raccoon,0.0,0.0
xgb1,BaseBreed_rat,0.0008890748140402,0.0007095526671037
xgb1,BaseBreed_rottweiler,0.0026334377471357,0.0009352207416668
xgb1,BaseBreed_shih tzu,0.0026154851075261,0.0018689235439524
xgb1,BaseBreed_siamese,0.0068985545076429,0.006552331149578
xgb1,BaseBreed_siberian husky,0.003830227535218,0.0057279933243989
xgb1,MixColor_No Mix,0.0033685630187392,0.0452952459454536
xgb1,BaseColor_Blue,0.0044643729925155,0.0243031755089759
xgb1,BaseColor_Brown,0.0032430496066808,0.0408377014100551
xgb1,BaseColor_Buff,0.001591742853634,0.0040212874300777
xgb1,BaseColor_Calico,0.0014972599456086,0.0166792552918195
xgb1,BaseColor_Chocolate,0.0021185900550335,0.0043370267376303
xgb1,BaseColor_Cream,0.0032612266950309,0.0124810272827744
xgb1,BaseColor_Fawn,0.0026632314547896,0.0012575460132211
xgb1,BaseColor_Flame,0.0,0.0
xgb1,BaseColor_Gold,0.001629528356716,0.0004822421469725
xgb1,BaseColor_Gray,0.0045534349046647,0.0147342598065733
xgb1,BaseColor_Lilac,0.0012168730609118,0.0006365168374031
xgb1,BaseColor_Lynx,0.004762299824506,0.004560318775475
xgb1,BaseColor_Orange,0.0040742149576544,0.0231264978647232
xgb1,BaseColor_Other color,0.0018585863290354,0.0028807111084461
xgb1,BaseColor_Red,0.0060553480871021,0.0042340620420873
xgb1,BaseColor_Sable,0.0015522750327363,0.0106393108144402
xgb1,BaseColor_Seal,0.002609385875985,0.0024960059672594
xgb1,BaseColor_Silver,0.001525588450022,0.0020097212400287
xgb1,BaseColor_Tan,0.003116003004834,0.0083416374400258
xgb1,BaseColor_Torbie,0.0030165032949298,0.0043364041484892
xgb1,BaseColor_Tortie,0.0033060614950954,0.0057672229595482
xgb1,BaseColor_Tricolor,0.0050886725075542,0.0283558499068021
xgb1,BaseColor_White,0.0047622467391192,0.0169421751052141
xgb1,BaseColor_Yellow,0.0038767298683524,0.0058389543555676
xgb1,NS_intake_1,0.0090283639729022,0.1265581548213958
xgb1,NS_clinic_1,0.3102366626262665,0.6494788527488708
xgb1,City_Manor,0.0041493661701679,0.0063918447121977
xgb1,City_Other City,0.0072072776965796,0.0040106219239532
xgb1,City_Pflugerville,0.005386671051383,0.0051167444325983
xgb1,City_Travis,0.004586995113641,0.0368709377944469
xgb1,City_Valle,0.0047601531259715,0.0063766306266188
xgb1,Gender_Male,0.0031104981899261,0.0367351807653903
xgb1,Gender_Unknown,0.0194413531571626,0.2339507639408111
xgb1,FirstLetterName_B,0.003329903120175,0.0073702479712665
xgb1,FirstLetterName_C,0.004874653648585,0.0116659346967935
xgb1,FirstLetterName_D,0.0039420323446393,0.0049430802464485
xgb1,FirstLetterName_E,0.0042537190020084,0.0028754291124641
xgb1,FirstLetterName_F,0.0047934805043041,0.0040050619281828
xgb1,FirstLetterName_G,0.0050279269926249,0.0060266382060945
xgb1,FirstLetterName_H,0.0062988093122839,0.0021625075023621
xgb1,FirstLetterName_I,0.0033371520694345,0.0049910508096218
xgb1,FirstLetterName_ID,0.003552759764716,0.0055365175940096
xgb1,FirstLetterName_J,0.0051847239956259,0.0054220608435571
xgb1,FirstLetterName_K,0.0042341281659901,0.002525430638343
xgb1,FirstLetterName_L,0.0045501207932829,0.0082238409668207
xgb1,FirstLetterName_M,0.00401749368757,0.0092798313125967
xgb1,FirstLetterName_N,0.0064559648744761,0.0035992844495922
xgb1,FirstLetterName_O,0.0038953339681029,0.0044289007782936
xgb1,FirstLetterName_P,0.0052301259711384,0.010962463915348
xgb1,FirstLetterName_Q,0.0013336259871721,0.0014069156022742
xgb1,FirstLetterName_R,0.0033465425949543,0.0058386684395372
xgb1,FirstLetterName_S,0.0039897505193948,0.0113978907465934
xgb1,FirstLetterName_T,0.0050341458991169,0.0126903373748064
xgb1,FirstLetterName_U,0.0017844415269792,0.0002759140916168
xgb1,FirstLetterName_Unknown,0.045019693672657,0.5150099396705627
xgb1,FirstLetterName_V,0.0020317398011684,0.0012087726499885
xgb1,FirstLetterName_W,0.0062958388589322,0.0043610236607491
xgb1,FirstLetterName_X,0.0040168627165257,0.0006222054362297
xgb1,FirstLetterName_Y,0.0035424956586211,0.0009415554231964
xgb1,FirstLetterName_Z,0.0057974401861429,0.0017013446195051
xgb1,NameLengthBin_long,0.0034825589973479,0.0156802646815776
xgb1,NameLengthBin_med,0.0034909590613096,0.0288453064858913
xgb1,NameLengthBin_short,0.0047497535124421,0.0079374285414814
xgbsmote0.1random0.122,Age_Shift1,0.0395120754837989,0.9577620029449464
xgbsmote0.1random0.122,Outcome Type_Euthanasia,0.0183183401823043,0.085623525083065
xgbsmote0.1random0.122,Outcome Type_Other Outcome,0.0087048457935452,0.0162406675517559
xgbsmote0.1random0.122,Outcome Type_Return to Owner,0.0149458758533,0.183715283870697
xgbsmote0.1random0.122,Outcome Type_Transfer,0.0186868868768215,0.310623437166214
xgbsmote0.1random0.122,Intake Type_Euthanasia Request,0.0050509185530245,0.0043454435653984
xgbsmote0.1random0.122,Intake Type_Owner Surrender,0.0092793265357613,0.0762428417801857
xgbsmote0.1random0.122,Intake Type_Public Assist,0.0050119739025831,0.0092133628204464
xgbsmote0.1random0.122,Intake Type_Stray,0.0058835861273109,0.0302518717944622
xgbsmote0.1random0.122,Intake Type_Wildlife,0.0025314416270703,0.0087283328175544
xgbsmote0.1random0.122,Intake Condition_Injured,0.0114628411829471,0.0120254652574658
xgbsmote0.1random0.122,Intake Condition_Normal,0.013719342648983,0.0619231238961219
xgbsmote0.1random0.122,Intake Condition_Nursing,0.0055305287241935,0.0185658857226371
xgbsmote0.1random0.122,Intake Condition_Other,0.002118992852047,0.0018389640608802
xgbsmote0.1random0.122,Intake Condition_Sick,0.0035452453885227,0.0067366529256105
xgbsmote0.1random0.122,Pet Type_Cat,0.0075740357860922,0.0161789581179618
xgbsmote0.1random0.122,Pet Type_Dog,0.0699980705976486,0.1612597554922104
xgbsmote0.1random0.122,Pet Type_Other,0.012152218259871,0.0190140008926391
xgbsmote0.1random0.122,MixBreed_Not,0.0074008470401167,0.0463698767125606
xgbsmote0.1random0.122,BaseBreed_Other Bird,0.0035807739477604,0.0021436859387904
xgbsmote0.1random0.122,BaseBreed_Other Cat,0.0055062607862055,0.0028419140726327
xgbsmote0.1random0.122,BaseBreed_Other american,0.0036147709470242,0.0016285920282825
xgbsmote0.1random0.122,BaseBreed_Other australian,0.003770814044401,0.0002156056289095
xgbsmote0.1random0.122,BaseBreed_Other black,0.0,0.0
xgbsmote0.1random0.122,BaseBreed_Other bull,0.0068736504763364,0.0033089860808104
xgbsmote0.1random0.122,BaseBreed_Other chihuahua,0.0046746344305574,0.0053973239846527
xgbsmote0.1random0.122,BaseBreed_Other collie,0.0029206853359937,0.0043857460841536
xgbsmote0.1random0.122,BaseBreed_Other cur,0.0,0.0
xgbsmote0.1random0.122,BaseBreed_Other dachshund,0.0041061700321733,0.0015792010817676
xgbsmote0.1random0.122,BaseBreed_Other dog,0.0035271819215267,0.0430546663701534
xgbsmote0.1random0.122,BaseBreed_Other great,0.0041586710140109,0.0002469209139235
xgbsmote0.1random0.122,BaseBreed_Other hound,0.0045706499367952,0.0009670148720033
xgbsmote0.1random0.122,BaseBreed_Other husky,0.0,0.0
xgbsmote0.1random0.122,BaseBreed_Other miniature,0.0051950016058981,0.0023766600061208
xgbsmote0.1random0.122,BaseBreed_Other poodle,0.00283371983096,0.0011399186914786
xgbsmote0.1random0.122,BaseBreed_Other retriever,0.0067253429442644,0.0030145347118377
xgbsmote0.1random0.122,BaseBreed_Other schnauzer,0.0012790450127795,0.0005735919694416
xgbsmote0.1random0.122,BaseBreed_Other shepherd,0.0059421672485768,0.0076483744196593
xgbsmote0.1random0.122,BaseBreed_Other shorthair,0.0,0.0
xgbsmote0.1random0.122,BaseBreed_Other terrier,0.0051376079209148,0.0078809093683958
xgbsmote0.1random0.122,BaseBreed_Other welsh,0.0015671014552935,0.0010754317045211
xgbsmote0.1random0.122,BaseBreed_bat,0.0,0.0
xgbsmote0.1random0.122,BaseBreed_beagle,0.002430967753753,0.0020244361367076
xgbsmote0.1random0.122,BaseBreed_boxer,0.0012700582155957,0.0049031740054488
xgbsmote0.1random0.122,BaseBreed_catahoula,0.003521773032844,0.0011542973807081
xgbsmote0.1random0.122,BaseBreed_chow chow,0.0023552663624286,0.0003311690234113
xgbsmote0.1random0.122,BaseBreed_dachshund,0.0044582732953131,0.0034780860878527
xgbsmote0.1random0.122,BaseBreed_domestic longhair,0.0042153866961598,0.0016740987775847
xgbsmote0.1random0.122,BaseBreed_domestic medium hair,0.0057899127714335,0.0119037311524152
xgbsmote0.1random0.122,BaseBreed_domestic shorthair,0.0057957046665251,0.0463405698537826
xgbsmote0.1random0.122,BaseBreed_german shepherd,0.0043039517477154,0.0102186482399702
xgbsmote0.1random0.122,BaseBreed_great pyrenees,0.0038802470080554,0.0058179246261715
xgbsmote0.1random0.122,BaseBreed_guinea pig,0.0023692545946687,0.004433368332684
xgbsmote0.1random0.122,BaseBreed_maltese,0.0026346337981522,0.0016679179389029
xgbsmote0.1random0.122,BaseBreed_miniature poodle,0.005684055853635,0.0061659268103539
xgbsmote0.1random0.122,BaseBreed_pit bull,0.0063940472900867,0.0303311515599489
xgbsmote0.1random0.122,BaseBreed_plott hound,0.0055384212173521,0.0009436424588784
xgbsmote0.1random0.122,BaseBreed_pointer,0.0072016874328255,0.001676425919868
xgbsmote0.1random0.122,BaseBreed_pug,0.0025590588338673,0.003993391059339
xgbsmote0.1random0.122,BaseBreed_rabbit sh,0.0112494686618447,0.0011879934463649
xgbsmote0.1random0.122,BaseBreed_raccoon,0.0,0.0
xgbsmote0.1random0.122,BaseBreed_rat,0.0007444491493515,0.000342931569321
xgbsmote0.1random0.122,BaseBreed_rottweiler,0.0020772137213498,0.0013304374879226
xgbsmote0.1random0.122,BaseBreed_shih tzu,0.0032650660723447,0.0023444390390068
xgbsmote0.1random0.122,BaseBreed_siamese,0.006134221330285,0.0067058620043098
xgbsmote0.1random0.122,BaseBreed_siberian husky,0.0045337732881307,0.0072273178957402
xgbsmote0.1random0.122,MixColor_No Mix,0.003730371594429,0.0405087806284427
xgbsmote0.1random0.122,BaseColor_Blue,0.0043263831175863,0.0322624891996383
xgbsmote0.1random0.122,BaseColor_Brown,0.0038858579937368,0.0552552640438079
xgbsmote0.1random0.122,BaseColor_Buff,0.0018142756307497,0.0028151047881692
xgbsmote0.1random0.122,BaseColor_Calico,0.002670356305316,0.0164089426398277
xgbsmote0.1random0.122,BaseColor_Chocolate,0.0029386091046035,0.006894287187606
xgbsmote0.1random0.122,BaseColor_Cream,0.0038152914494276,0.0145651064813137
xgbsmote0.1random0.122,BaseColor_Fawn,0.0052679060027003,0.001503336825408
xgbsmote0.1random0.122,BaseColor_Flame,0.0018792666960507,0.0007024110527709
xgbsmote0.1random0.122,BaseColor_Gold,0.0007587759173475,0.0008331497083418
xgbsmote0.1random0.122,BaseColor_Gray,0.0052496916614472,0.0174628160893917
xgbsmote0.1random0.122,BaseColor_Lilac,0.0010179083328694,0.0008264426724053
xgbsmote0.1random0.122,BaseColor_Lynx,0.0050975284539163,0.003551464062184
xgbsmote0.1random0.122,BaseColor_Orange,0.0039396034553647,0.0274037383496761
xgbsmote0.1random0.122,BaseColor_Other color,0.0022739593405276,0.0038893958553671
xgbsmote0.1random0.122,BaseColor_Red,0.0048323194496333,0.0078763952478766
xgbsmote0.1random0.122,BaseColor_Sable,0.0036407699808478,0.009720642119646
xgbsmote0.1random0.122,BaseColor_Seal,0.0059672980569303,0.0008455133647657
xgbsmote0.1random0.122,BaseColor_Silver,0.0013459909241646,0.0018490953370928
xgbsmote0.1random0.122,BaseColor_Tan,0.0030309290159493,0.01040546502918
xgbsmote0.1random0.122,BaseColor_Torbie,0.0035419045016169,0.0049561117775738
xgbsmote0.1random0.122,BaseColor_Tortie,0.0042400117963552,0.0027570824604481
xgbsmote0.1random0.122,BaseColor_Tricolor,0.0052282763645052,0.0322878807783126
xgbsmote0.1random0.122,BaseColor_White,0.005226491484791,0.022054623812437
xgbsmote0.1random0.122,BaseColor_Yellow,0.0045935148373246,0.0047409529797732
xgbsmote0.1random0.122,NS_intake_1,0.0096156187355518,0.1215704604983329
xgbsmote0.1random0.122,NS_clinic_1,0.2359200865030288,0.6350777745246887
xgbsmote0.1random0.122,City_Manor,0.005294095724821,0.0034110269043594
xgbsmote0.1random0.122,City_Other City,0.0058769998140633,0.0064094252884387
xgbsmote0.1random0.122,City_Pflugerville,0.0073598297312855,0.0024245269596576
xgbsmote0.1random0.122,City_Travis,0.0047112619504332,0.0256148483604192
xgbsmote0.1random0.122,City_Valle,0.0064683188684284,0.0051807500422
xgbsmote0.1random0.122,Gender_Male,0.0034174034371972,0.0395845770835876
xgbsmote0.1random0.122,Gender_Unknown,0.0228071268647909,0.2193903028964996
xgbsmote0.1random0.122,FirstLetterName_B,0.0041350247338414,0.0144048118963837
xgbsmote0.1random0.122,FirstLetterName_C,0.0047456882894039,0.0111061446368694
xgbsmote0.1random0.122,FirstLetterName_D,0.0041760210879147,0.0068284361623227
xgbsmote0.1random0.122,FirstLetterName_E,0.0041770078241825,0.0044986004941165
xgbsmote0.1random0.122,FirstLetterName_F,0.0048783835954964,0.0033191188704222
xgbsmote0.1random0.122,FirstLetterName_G,0.0055010635405778,0.0040808706544339
xgbsmote0.1random0.122,FirstLetterName_H,0.0043517057783901,0.007718208245933
xgbsmote0.1random0.122,FirstLetterName_I,0.0055527403019368,0.0054970569908618
xgbsmote0.1random0.122,FirstLetterName_ID,0.0045835459604859,0.00524871237576
xgbsmote0.1random0.122,FirstLetterName_J,0.0054835444316267,0.0072442558594048
xgbsmote0.1random0.122,FirstLetterName_K,0.0032753006089478,0.0020029104780405
xgbsmote0.1random0.122,FirstLetterName_L,0.0048145982436835,0.0160190016031265
xgbsmote0.1random0.122,FirstLetterName_M,0.0034209107980132,0.0114517956972122
xgbsmote0.1random0.122,FirstLetterName_N,0.0058483863249421,0.0064502083696424
xgbsmote0.1random0.122,FirstLetterName_O,0.0049281339161098,0.0107640977948904
xgbsmote0.1random0.122,FirstLetterName_P,0.0055741746909916,0.0120300995185971
xgbsmote0.1random0.122,FirstLetterName_Q,0.0030156369321048,0.000428309693234
xgbsmote0.1random0.122,FirstLetterName_R,0.0030578132718801,0.0138775566592812
xgbsmote0.1random0.122,FirstLetterName_S,0.0049762483686208,0.013479228131473
xgbsmote0.1random0.122,FirstLetterName_T,0.0055297100916504,0.00757786212489
xgbsmote0.1random0.122,FirstLetterName_U,0.0018268786370754,0.0010000884067267
xgbsmote0.1random0.122,FirstLetterName_Unknown,0.0472312942147254,0.553199291229248
xgbsmote0.1random0.122,FirstLetterName_V,0.0028365233447402,0.0013688079779967
xgbsmote0.1random0.122,FirstLetterName_W,0.0050711636431515,0.0060023800469934
xgbsmote0.1random0.122,FirstLetterName_X,0.0032309081871062,0.0002873791381716
xgbsmote0.1random0.122,FirstLetterName_Y,0.0017924061976373,0.0009035973343998
xgbsmote0.1random0.122,FirstLetterName_Z,0.0041898507624864,0.0007169197197072
xgbsmote0.1random0.122,NameLengthBin_long,0.0049717035144567,0.0147332344204187
xgbsmote0.1random0.122,NameLengthBin_med,0.0035362890921533,0.0255372356623411
xgbsmote0.1random0.122,NameLengthBin_short,0.0056847897358238,0.0066245519556105
xgbsmote0.1random0.179999999999999973,Age_Shift1,0.0392601639032363,0.9897385239601136
xgbsmote0.1random0.179999999999999973,Outcome Type_Euthanasia,0.0126888873055577,0.0769605860114097
xgbsmote0.1random0.179999999999999973,Outcome Type_Other Outcome,0.0086911199614405,0.017796678468585
xgbsmote0.1random0.179999999999999973,Outcome Type_Return to Owner,0.0152058778330683,0.1914961487054824
xgbsmote0.1random0.179999999999999973,Outcome Type_Transfer,0.0157868415117263,0.3246257901191711
xgbsmote0.1random0.179999999999999973,Intake Type_Euthanasia Request,0.0022674407809972,0.0044688424095511
xgbsmote0.1random0.179999999999999973,Intake Type_Owner Surrender,0.0088264355435967,0.0653011873364448
xgbsmote0.1random0.179999999999999973,Intake Type_Public Assist,0.0056750774383544,0.0108601450920104
xgbsmote0.1random0.179999999999999973,Intake Type_Stray,0.0061526848003268,0.0360147878527641
xgbsmote0.1random0.179999999999999973,Intake Type_Wildlife,0.0010229072067886,0.0049042836762964
xgbsmote0.1random0.179999999999999973,Intake Condition_Injured,0.0120397079735994,0.0132747404277324
xgbsmote0.1random0.179999999999999973,Intake Condition_Normal,0.0152270635589957,0.0584857761859893
xgbsmote0.1random0.179999999999999973,Intake Condition_Nursing,0.0054592103697359,0.0087629351764917
xgbsmote0.1random0.179999999999999973,Intake Condition_Other,0.0010598676744848,0.0017513333586975
xgbsmote0.1random0.179999999999999973,Intake Condition_Sick,0.0044433157891035,0.0077116806060075
xgbsmote0.1random0.179999999999999973,Pet Type_Cat,0.0077797248959541,0.0498248450458049
xgbsmote0.1random0.179999999999999973,Pet Type_Dog,0.0779178068041801,0.2044611573219299
xgbsmote0.1random0.179999999999999973,Pet Type_Other,0.0097987046465277,0.0174941830337047
xgbsmote0.1random0.179999999999999973,MixBreed_Not,0.0063240532763302,0.0483503565192222
xgbsmote0.1random0.179999999999999973,BaseBreed_Other Bird,0.0024272459559142,0.0007644539582543
xgbsmote0.1random0.179999999999999973,BaseBreed_Other Cat,0.003730263095349,0.0018962088506668
xgbsmote0.1random0.179999999999999973,BaseBreed_Other american,0.0036473232321441,0.0017407919513061
xgbsmote0.1random0.179999999999999973,BaseBreed_Other australian,0.0,0.0
xgbsmote0.1random0.179999999999999973,BaseBreed_Other black,0.0,0.0
xgbsmote0.1random0.179999999999999973,BaseBreed_Other bull,0.0055693164467811,0.0028092602733522
xgbsmote0.1random0.179999999999999973,BaseBreed_Other chihuahua,0.0055690249428153,0.0046310368925333
xgbsmote0.1random0.179999999999999973,BaseBreed_Other collie,0.0031476935837417,0.0043511120602488
xgbsmote0.1random0.179999999999999973,BaseBreed_Other cur,0.0,0.0
xgbsmote0.1random0.179999999999999973,BaseBreed_Other dachshund,0.0041955541819334,0.0020550042390823
xgbsmote0.1random0.179999999999999973,BaseBreed_Other dog,0.0040655811317265,0.044669721275568
xgbsmote0.1random0.179999999999999973,BaseBreed_Other great,0.0024234787560999,0.0003746603615581
xgbsmote0.1random0.179999999999999973,BaseBreed_Other hound,0.0029270178638398,0.0009290835587307
xgbsmote0.1random0.179999999999999973,BaseBreed_Other husky,0.0,0.0
xgbsmote0.1random0.179999999999999973,BaseBreed_Other miniature,0.0054354015737771,0.0024301561061292
xgbsmote0.1random0.179999999999999973,BaseBreed_Other poodle,0.0046435599215328,0.0007099580252543
xgbsmote0.1random0.179999999999999973,BaseBreed_Other retriever,0.0045730364508926,0.0035634071100503
xgbsmote0.1random0.179999999999999973,BaseBreed_Other schnauzer,0.0,0.0
xgbsmote0.1random0.179999999999999973,BaseBreed_Other shepherd,0.004824433941394,0.0099509386345744
xgbsmote0.1random0.179999999999999973,BaseBreed_Other shorthair,0.0029267356730997,0.0002526243624743
xgbsmote0.1random0.179999999999999973,BaseBreed_Other terrier,0.003458428196609,0.0111371548846364
xgbsmote0.1random0.179999999999999973,BaseBreed_Other welsh,0.0018930996302515,0.001385121140629
xgbsmote0.1random0.179999999999999973,BaseBreed_bat,0.0014858518261462,0.0008995233802124
xgbsmote0.1random0.179999999999999973,BaseBreed_beagle,0.0015995932044461,0.0028342925943434
xgbsmote0.1random0.179999999999999973,BaseBreed_boxer,0.0028062560595571,0.0042955940589308
xgbsmote0.1random0.179999999999999973,BaseBreed_catahoula,0.0041582016274333,0.0029259552247822
xgbsmote0.1random0.179999999999999973,BaseBreed_chow chow,0.0020751911215484,0.0006802034913562
xgbsmote0.1random0.179999999999999973,BaseBreed_dachshund,0.0059231929481029,0.0036026902962476
xgbsmote0.1random0.179999999999999973,BaseBreed_domestic longhair,0.0025217100046575,0.0047345492057502
xgbsmote0.1random0.179999999999999973,BaseBreed_domestic medium hair,0.0045173862017691,0.0149352783337235
xgbsmote0.1random0.179999999999999973,BaseBreed_domestic shorthair,0.0059788976795971,0.0395563393831253
xgbsmote0.1random0.179999999999999973,BaseBreed_german shepherd,0.0053904284723103,0.0147527856752276
xgbsmote0.1random0.179999999999999973,BaseBreed_great pyrenees,0.003382078371942,0.0066183670423924
xgbsmote0.1random0.179999999999999973,BaseBreed_guinea pig,0.0044510033912956,0.0058723925612866
xgbsmote0.1random0.179999999999999973,BaseBreed_maltese,0.001596029382199,0.0024118483997881
xgbsmote0.1random0.179999999999999973,BaseBreed_miniature poodle,0.0033353792969137,0.0065321833826601
xgbsmote0.1random0.179999999999999973,BaseBreed_pit bull,0.0058900164440274,0.0290874112397432
xgbsmote0.1random0.179999999999999973,BaseBreed_plott hound,0.0089835813269019,0.0008521343115717
xgbsmote0.1random0.179999999999999973,BaseBreed_pointer,0.0077555840834975,0.0016018439782783
xgbsmote0.1random0.179999999999999973,BaseBreed_pug,0.0032541633117944,0.0045619215816259
xgbsmote0.1random0.179999999999999973,BaseBreed_rabbit sh,0.0018166308291256,0.0006211353465914
xgbsmote0.1random0.179999999999999973,BaseBreed_raccoon,0.0,0.0
xgbsmote0.1random0.179999999999999973,BaseBreed_rat,0.0010014876024797,0.0001922615047078
xgbsmote0.1random0.179999999999999973,BaseBreed_rottweiler,0.0025383091997355,0.0019627946894615
xgbsmote0.1random0.179999999999999973,BaseBreed_shih tzu,0.0027055742684751,0.0030694417655467
xgbsmote0.1random0.179999999999999973,BaseBreed_siamese,0.0056558935903012,0.0036012385971844
xgbsmote0.1random0.179999999999999973,BaseBreed_siberian husky,0.0047689890488982,0.0079621942713856
xgbsmote0.1random0.179999999999999973,MixColor_No Mix,0.0037548916880041,0.0349950790405273
xgbsmote0.1random0.179999999999999973,BaseColor_Blue,0.0048576737754046,0.0269354134798049
xgbsmote0.1random0.179999999999999973,BaseColor_Brown,0.0033392845652997,0.0634840875864029
xgbsmote0.1random0.179999999999999973,BaseColor_Buff,0.0026077898219227,0.0033103579189628
xgbsmote0.1random0.179999999999999973,BaseColor_Calico,0.0026655616238713,0.0139122093096375
xgbsmote0.1random0.179999999999999973,BaseColor_Chocolate,0.00359105784446,0.0067409547045826
xgbsmote0.1random0.179999999999999973,BaseColor_Cream,0.0033798911608755,0.0131443990394473
xgbsmote0.1random0.179999999999999973,BaseColor_Fawn,0.0052681476809084,0.0007675871020182
xgbsmote0.1random0.179999999999999973,BaseColor_Flame,0.0010705587919801,0.0015181852504611
xgbsmote0.1random0.179999999999999973,BaseColor_Gold,0.0025436300784349,0.0005940506816841
xgbsmote0.1random0.179999999999999973,BaseColor_Gray,0.0055140904150903,0.0215601306408643
xgbsmote0.1random0.179999999999999973,BaseColor_Lilac,0.0,0.0
xgbsmote0.1random0.179999999999999973,BaseColor_Lynx,0.0056565483100712,0.0054027861915528
xgbsmote0.1random0.179999999999999973,BaseColor_Orange,0.004212318919599,0.028470104560256
xgbsmote0.1random0.179999999999999973,BaseColor_Other color,0.003054566681385,0.0030804146081209
xgbsmote0.1random0.179999999999999973,BaseColor_Red,0.0063070561736822,0.007507128175348
xgbsmote0.1random0.179999999999999973,BaseColor_Sable,0.0023714245762676,0.0079169357195496
xgbsmote0.1random0.179999999999999973,BaseColor_Seal,0.0038019479252398,0.0012587328674271
xgbsmote0.1random0.179999999999999973,BaseColor_Silver,0.0008305322844535,0.0003267937281634
xgbsmote0.1random0.179999999999999973,BaseColor_Tan,0.0037372799124568,0.0142270717769861
xgbsmote0.1random0.179999999999999973,BaseColor_Torbie,0.0039542727172374,0.0054043801501393
xgbsmote0.1random0.179999999999999973,BaseColor_Tortie,0.0038262610323727,0.0043826871551573
xgbsmote0.1random0.179999999999999973,BaseColor_Tricolor,0.0063986233435571,0.0279556699097156
xgbsmote0.1random0.179999999999999973,BaseColor_White,0.005222959909588,0.021498866379261
xgbsmote0.1random0.179999999999999973,BaseColor_Yellow,0.0046546878293156,0.0044269785284996
xgbsmote0.1random0.179999999999999973,NS_intake_1,0.009756407700479,0.1094236299395561
xgbsmote0.1random0.179999999999999973,NS_clinic_1,0.2510344684123993,0.6675264239311218
xgbsmote0.1random0.179999999999999973,City_Manor,0.0055232038721442,0.006844581104815
xgbsmote0.1random0.179999999999999973,City_Other City,0.004675184842199,0.0063593117520213
xgbsmote0.1random0.179999999999999973,City_Pflugerville,0.0058469828218221,0.0020008555147796
xgbsmote0.1random0.179999999999999973,City_Travis,0.0059144920669496,0.0235425606369972
xgbsmote0.1random0.179999999999999973,City_Valle,0.0054028509184718,0.0078348126262426
xgbsmote0.1random0.179999999999999973,Gender_Male,0.0033770890440791,0.0411138460040092
xgbsmote0.1random0.179999999999999973,Gender_Unknown,0.0205438621342182,0.226003348827362
xgbsmote0.1random0.179999999999999973,FirstLetterName_B,0.0039369761943817,0.0130394725129008
xgbsmote0.1random0.179999999999999973,FirstLetterName_C,0.0057306056842207,0.0119907222688198
xgbsmote0.1random0.179999999999999973,FirstLetterName_D,0.0052243019454181,0.0071940533816814
xgbsmote0.1random0.179999999999999973,FirstLetterName_E,0.0047533228062093,0.0049380809068679
xgbsmote0.1random0.179999999999999973,FirstLetterName_F,0.0050401417538523,0.0061237849295139
xgbsmote0.1random0.179999999999999973,FirstLetterName_G,0.0047404719516634,0.0033833421766757
xgbsmote0.1random0.179999999999999973,FirstLetterName_H,0.0064029078930616,0.0044609354808926
xgbsmote0.1random0.179999999999999973,FirstLetterName_I,0.0031190803274512,0.0067855641245841
xgbsmote0.1random0.179999999999999973,FirstLetterName_ID,0.0031768383923918,0.0051407748833298
xgbsmote0.1random0.179999999999999973,FirstLetterName_J,0.0068283686414361,0.0037440529558807
xgbsmote0.1random0.179999999999999973,FirstLetterName_K,0.0013571963645517,0.0057105156593024
xgbsmote0.1random0.179999999999999973,FirstLetterName_L,0.0047793011181056,0.0156649891287088
xgbsmote0.1random0.179999999999999973,FirstLetterName_M,0.0043004727922379,0.011812244541943
xgbsmote0.1random0.179999999999999973,FirstLetterName_N,0.0042144726030528,0.0069305012002587
xgbsmote0.1random0.179999999999999973,FirstLetterName_O,0.0031267285812646,0.0095629720017313
xgbsmote0.1random0.179999999999999973,FirstLetterName_P,0.0052211587317287,0.009943782351911
xgbsmote0.1random0.179999999999999973,FirstLetterName_Q,0.0019931469578295,0.0004842835769522
xgbsmote0.1random0.179999999999999973,FirstLetterName_R,0.004395549185574,0.0152894183993339
xgbsmote0.1random0.179999999999999973,FirstLetterName_S,0.0045123719610273,0.0130499843508005
xgbsmote0.1random0.179999999999999973,FirstLetterName_T,0.0056610931642353,0.0070010917261242
xgbsmote0.1random0.179999999999999973,FirstLetterName_U,0.0017943269340321,0.0006391452625393
xgbsmote0.1random0.179999999999999973,FirstLetterName_Unknown,0.0586713477969169,0.5589628219604492
xgbsmote0.1random0.179999999999999973,FirstLetterName_V,0.001559997559525,0.0011596269905567
xgbsmote0.1random0.179999999999999973,FirstLetterName_W,0.0036846720613539,0.0066323583014309
xgbsmote0.1random0.179999999999999973,FirstLetterName_X,0.0047359936870634,0.0006401638383977
xgbsmote0.1random0.179999999999999973,FirstLetterName_Y,0.0016733849188312,0.0004282315494492
xgbsmote0.1random0.179999999999999973,FirstLetterName_Z,0.0068304254673421,0.0002518307301215
xgbsmote0.1random0.179999999999999973,NameLengthBin_long,0.0044280448928475,0.016351144760847
xgbsmote0.1random0.179999999999999973,NameLengthBin_med,0.0034150925930589,0.023548113182187
xgbsmote0.1random0.179999999999999973,NameLengthBin_short,0.0053210626356303,0.0087160412222146
log2,Age_Shift1,-4.572602458918855e-06,
log2,Outcome Type_Euthanasia,-0.6760249739384234,
log2,Outcome Type_Other Outcome,0.0256220367026513,
log2,Outcome Type_Return to Owner,-0.946728933979194,
log2,Outcome Type_Transfer,-1.2972083918327066,
log2,Intake Type_Euthanasia Request,-0.0411034216731899,
log2,Intake Type_Owner Surrender,-0.234208129994307,
log2,Intake Type_Public Assist,-0.0264185232226047,
log2,Intake Type_Stray,0.2777134756449886,
log2,Intake Type_Wildlife,-0.3169867085239984,
log2,Intake Condition_Injured,-0.2601334417238204,
log2,Intake Condition_Normal,-0.481084744232158,
log2,Intake Condition_Nursing,0.6979381310842191,
log2,Intake Condition_Other,-0.0473146698922264,
log2,Intake Condition_Sick,-0.2085848409408497,
log2,Pet Type_Cat,0.5059646775382535,
log2,Pet Type_Dog,-0.5237006852261203,
log2,Pet Type_Other,-0.2748050951818531,
log2,MixBreed_Not,0.1279566724185845,
log2,BaseBreed_Other Bird,-0.0121419316580376,
log2,BaseBreed_Other Cat,0.0044878765380466,
log2,BaseBreed_Other american,0.031516855456712,
log2,BaseBreed_Other australian,-0.0172046485461151,
log2,BaseBreed_Other black,-0.0044411592547798,
log2,BaseBreed_Other bull,0.0328662247300638,
log2,BaseBreed_Other chihuahua,0.0354476371885497,
log2,BaseBreed_Other collie,-0.0431910327913785,
log2,BaseBreed_Other cur,0.0111660149742474,
log2,BaseBreed_Other dachshund,0.0453796513259134,
log2,BaseBreed_Other dog,0.0437135793915659,
log2,BaseBreed_Other great,-0.0033778829112962,
log2,BaseBreed_Other hound,0.0048319066669245,
log2,BaseBreed_Other husky,0.0007393668595223,
log2,BaseBreed_Other miniature,0.0385747036294981,
log2,BaseBreed_Other poodle,0.02126483821706,
log2,BaseBreed_Other retriever,-0.0178418568177481,
log2,BaseBreed_Other schnauzer,-0.0099619979705068,
log2,BaseBreed_Other shepherd,-0.0665388532829432,
log2,BaseBreed_Other shorthair,-0.0068509541042262,
log2,BaseBreed_Other terrier,-0.1570432391714092,
log2,BaseBreed_Other welsh,-0.021060109577314,
log2,BaseBreed_bat,-0.1944141283617623,
log2,BaseBreed_beagle,-0.0608724298931554,
log2,BaseBreed_boxer,-0.050338783869461,
log2,BaseBreed_catahoula,-0.0237545623011656,
log2,BaseBreed_chow chow,0.0040255068481613,
log2,BaseBreed_dachshund,0.0028981514358277,
log2,BaseBreed_domestic longhair,0.0539006731723056,
log2,BaseBreed_domestic medium hair,0.1725868352404661,
log2,BaseBreed_domestic shorthair,0.2068260758189461,
log2,BaseBreed_german shepherd,-0.0910469681669806,
log2,BaseBreed_great pyrenees,-0.0716757318498106,
log2,BaseBreed_guinea pig,-0.0374138083217584,
log2,BaseBreed_maltese,0.0166810534595264,
log2,BaseBreed_miniature poodle,-0.0355469517791199,
log2,BaseBreed_pit bull,0.0079647990713746,
log2,BaseBreed_plott hound,0.0045075307334302,
log2,BaseBreed_pointer,-0.0093220727817782,
log2,BaseBreed_pug,-0.051756166459183,
log2,BaseBreed_rabbit sh,0.0483778698491181,
log2,BaseBreed_raccoon,-0.0724110850736586,
log2,BaseBreed_rat,-0.003978317118195,
log2,BaseBreed_rottweiler,-0.042158962107314,
log2,BaseBreed_shih tzu,0.0219966069155061,
log2,BaseBreed_siamese,0.0681632167578187,
log2,BaseBreed_siberian husky,-0.0632907485009305,
log2,MixColor_No Mix,0.1070967633672456,
log2,BaseColor_Blue,-0.0222809167646835,
log2,BaseColor_Brown,0.0007005290214142,
log2,BaseColor_Buff,-0.0430541392770007,
log2,BaseColor_Calico,-0.0593230888750515,
log2,BaseColor_Chocolate,-0.0269066455988989,
log2,BaseColor_Cream,-0.0039052090342226,
log2,BaseColor_Fawn,0.0201222858431348,
log2,BaseColor_Flame,0.0090077044509792,
log2,BaseColor_Gold,-0.0303051775913085,
log2,BaseColor_Gray,-0.2061679844806221,
log2,BaseColor_Lilac,-0.0026505794325043,
log2,BaseColor_Lynx,-0.0080378501932272,
log2,BaseColor_Orange,-0.1652904788897088,
log2,BaseColor_Other color,-0.0402134241937091,
log2,BaseColor_Red,-0.1210825200826568,
log2,BaseColor_Sable,0.0042993714960513,
log2,BaseColor_Seal,0.0165314528788687,
log2,BaseColor_Silver,-0.0306953184321199,
log2,BaseColor_Tan,-0.0338010635670693,
log2,BaseColor_Torbie,0.0257113811373094,
log2,BaseColor_Tortie,0.0265002011049277,
log2,BaseColor_Tricolor,-0.0862261219683493,
log2,BaseColor_White,0.0440891352503339,
log2,BaseColor_Yellow,0.0641450756872191,
log2,NS_intake_1,0.4855600250304039,
log2,NS_clinic_1,1.270506574903162,
log2,City_Manor,0.04369855991757,
log2,City_Other City,-0.0655320386626432,
log2,City_Pflugerville,0.0257801180450049,
log2,City_Travis,0.2855149065460038,
log2,City_Valle,-0.0084091621431392,
log2,Gender_Male,0.0714170012095494,
log2,Gender_Unknown,-0.8752890289561033,
log2,FirstLetterName_B,0.0452708116392282,
log2,FirstLetterName_C,0.051794922287699,
log2,FirstLetterName_D,0.0979884030156406,
log2,FirstLetterName_E,0.0774165665289165,
log2,FirstLetterName_F,0.0710343984687498,
log2,FirstLetterName_G,0.1361141587760949,
log2,FirstLetterName_H,0.0120722231908899,
log2,FirstLetterName_I,-0.0441303453075591,
log2,FirstLetterName_ID,-0.0465761984296889,
log2,FirstLetterName_J,0.0268505807931708,
log2,FirstLetterName_K,-0.0720437189847773,
log2,FirstLetterName_L,-0.0369785525553107,
log2,FirstLetterName_M,-0.0224094258397768,
log2,FirstLetterName_N,-0.0521985196515634,
log2,FirstLetterName_O,-0.0065078792877301,
log2,FirstLetterName_P,0.1533188632265512,
log2,FirstLetterName_Q,-0.0067663325963742,
log2,FirstLetterName_R,-0.0553765199583133,
log2,FirstLetterName_S,0.0511363439595912,
log2,FirstLetterName_T,0.0733659542018222,
log2,FirstLetterName_U,0.0020709821004903,
log2,FirstLetterName_Unknown,-0.8628820220386427,
log2,FirstLetterName_V,-0.0114593502006385,
log2,FirstLetterName_W,0.0315657751889886,
log2,FirstLetterName_X,-0.0061217366012267,
log2,FirstLetterName_Y,-0.0149004139071502,
log2,FirstLetterName_Z,0.0198512103759977,
log2,NameLengthBin_long,0.2515139050823822,
log2,NameLengthBin_med,0.0906139938032867,
log2,NameLengthBin_short,0.1747838795453735,
xgbsmote0.1random0.25999999999999994,Age_Shift1,0.0473566874861717,1.0187443494796753
xgbsmote0.1random0.25999999999999994,Outcome Type_Euthanasia,0.0101237557828426,0.0671144351363182
xgbsmote0.1random0.25999999999999994,Outcome Type_Other Outcome,0.0092208664864301,0.0247660111635923
xgbsmote0.1random0.25999999999999994,Outcome Type_Return to Owner,0.0143123641610145,0.1875296980142593
xgbsmote0.1random0.25999999999999994,Outcome Type_Transfer,0.0165440030395984,0.3146039545536041
xgbsmote0.1random0.25999999999999994,Intake Type_Euthanasia Request,0.0027195720467716,0.004547981545329
xgbsmote0.1random0.25999999999999994,Intake Type_Owner Surrender,0.0099808806553483,0.0664156898856163
xgbsmote0.1random0.25999999999999994,Intake Type_Public Assist,0.004617054015398,0.0119616957381367
xgbsmote0.1random0.25999999999999994,Intake Type_Stray,0.006820376496762,0.0346183441579341
xgbsmote0.1random0.25999999999999994,Intake Type_Wildlife,0.0011672751279547,0.0015594747383147
xgbsmote0.1random0.25999999999999994,Intake Condition_Injured,0.0099381292238831,0.0130890822038054
xgbsmote0.1random0.25999999999999994,Intake Condition_Normal,0.0137865161523222,0.0648553222417831
xgbsmote0.1random0.25999999999999994,Intake Condition_Nursing,0.0049704355187714,0.0067847026512026
xgbsmote0.1random0.25999999999999994,Intake Condition_Other,0.0021755616180598,0.0043459753505885
xgbsmote0.1random0.25999999999999994,Intake Condition_Sick,0.0051937229000031,0.0047866590321063
xgbsmote0.1random0.25999999999999994,Pet Type_Cat,0.007312620524317,0.019122177734971
xgbsmote0.1random0.25999999999999994,Pet Type_Dog,0.0617138035595417,0.2064200341701507
xgbsmote0.1random0.25999999999999994,Pet Type_Other,0.0088128754869103,0.0321303531527519
xgbsmote0.1random0.25999999999999994,MixBreed_Not,0.0073785637505352,0.0449826978147029
xgbsmote0.1random0.25999999999999994,BaseBreed_Other Bird,0.0015012182993814,0.0021070593502372
xgbsmote0.1random0.25999999999999994,BaseBreed_Other Cat,0.0037474336568266,0.0059664626605808
xgbsmote0.1random0.25999999999999994,BaseBreed_Other american,0.0041537256911396,0.0017405876424163
xgbsmote0.1random0.25999999999999994,BaseBreed_Other australian,0.0006630772841162,8.696485019754618e-05
xgbsmote0.1random0.25999999999999994,BaseBreed_Other black,0.0,0.0
xgbsmote0.1random0.25999999999999994,BaseBreed_Other bull,0.0048014475032687,0.0031152367591857
xgbsmote0.1random0.25999999999999994,BaseBreed_Other chihuahua,0.0057416381314396,0.0046898522414267
xgbsmote0.1random0.25999999999999994,BaseBreed_Other collie,0.0035733371041715,0.0057054660283029
xgbsmote0.1random0.25999999999999994,BaseBreed_Other cur,0.0,0.0
xgbsmote0.1random0.25999999999999994,BaseBreed_Other dachshund,0.0058681108057498,0.0032458666246384
xgbsmote0.1random0.25999999999999994,BaseBreed_Other dog,0.004848267417401,0.0396531075239181
xgbsmote0.1random0.25999999999999994,BaseBreed_Other great,0.0021616127341985,0.0007184140849858
xgbsmote0.1random0.25999999999999994,BaseBreed_Other hound,0.0064554610289633,0.0010254201479256
xgbsmote0.1random0.25999999999999994,BaseBreed_Other husky,0.0013473755680024,0.0005004269769415
xgbsmote0.1random0.25999999999999994,BaseBreed_Other miniature,0.0044144801795482,0.0033196504227817
xgbsmote0.1random0.25999999999999994,BaseBreed_Other poodle,0.0024642969947308,0.0016884935321286
xgbsmote0.1random0.25999999999999994,BaseBreed_Other retriever,0.0066330078989267,0.0029611263889819
xgbsmote0.1random0.25999999999999994,BaseBreed_Other schnauzer,0.0006909425719641,0.000468686921522
xgbsmote0.1random0.25999999999999994,BaseBreed_Other shepherd,0.0064146700315177,0.0147770289331674
xgbsmote0.1random0.25999999999999994,BaseBreed_Other shorthair,0.0018998639425262,0.0004003934736829
xgbsmote0.1random0.25999999999999994,BaseBreed_Other terrier,0.0060459002852439,0.0056778006255626
xgbsmote0.1random0.25999999999999994,BaseBreed_Other welsh,0.0021693743765354,0.0017978926189243
xgbsmote0.1random0.25999999999999994,BaseBreed_bat,0.0013680320698767,0.0021315524354577
xgbsmote0.1random0.25999999999999994,BaseBreed_beagle,0.0032726163044571,0.0010340261505916
xgbsmote0.1random0.25999999999999994,BaseBreed_boxer,0.0029962703119963,0.0055870437063276
xgbsmote0.1random0.25999999999999994,BaseBreed_catahoula,0.0039304541423916,0.0016109482385218
xgbsmote0.1random0.25999999999999994,BaseBreed_chow chow,0.0,0.0
xgbsmote0.1random0.25999999999999994,BaseBreed_dachshund,0.0061945868656039,0.0016850634710863
xgbsmote0.1random0.25999999999999994,BaseBreed_domestic longhair,0.0043405788019299,0.0044825822114944
xgbsmote0.1random0.25999999999999994,BaseBreed_domestic medium hair,0.00688505358994,0.0131895709782838
xgbsmote0.1random0.25999999999999994,BaseBreed_domestic shorthair,0.0053087258711457,0.0311421994119882
xgbsmote0.1random0.25999999999999994,BaseBreed_german shepherd,0.0048678196035325,0.0122755179181694
xgbsmote0.1random0.25999999999999994,BaseBreed_great pyrenees,0.0058389496989548,0.0058383289724588
xgbsmote0.1random0.25999999999999994,BaseBreed_guinea pig,0.002158819232136,0.0036339520011097
xgbsmote0.1random0.25999999999999994,BaseBreed_maltese,0.0025631403550505,0.0015334615018218
xgbsmote0.1random0.25999999999999994,BaseBreed_miniature poodle,0.0058427485637366,0.0058127674274146
xgbsmote0.1random0.25999999999999994,BaseBreed_pit bull,0.0059417313896119,0.0311068501323461
xgbsmote0.1random0.25999999999999994,BaseBreed_plott hound,0.006515993271023,0.0012321294052526
xgbsmote0.1random0.25999999999999994,BaseBreed_pointer,0.0069175842218101,0.0030388291925191
xgbsmote0.1random0.25999999999999994,BaseBreed_pug,0.0024001901037991,0.0057143978774547
xgbsmote0.1random0.25999999999999994,BaseBreed_rabbit sh,0.004580333828926,0.002923390828073
xgbsmote0.1random0.25999999999999994,BaseBreed_raccoon,0.0,0.0
xgbsmote0.1random0.25999999999999994,BaseBreed_rat,0.0,0.0
xgbsmote0.1random0.25999999999999994,BaseBreed_rottweiler,0.0010771678062155,0.0001887804392026
xgbsmote0.1random0.25999999999999994,BaseBreed_shih tzu,0.004332011565566,0.0021390658803284
xgbsmote0.1random0.25999999999999994,BaseBreed_siamese,0.0049076131545007,0.003698851680383
xgbsmote0.1random0.25999999999999994,BaseBreed_siberian husky,0.0038086702115833,0.0097262654453516
xgbsmote0.1random0.25999999999999994,MixColor_No Mix,0.0037027152720838,0.0392853841185569
xgbsmote0.1random0.25999999999999994,BaseColor_Blue,0.0027772111352533,0.0237488821148872
xgbsmote0.1random0.25999999999999994,BaseColor_Brown,0.003676310647279,0.0562094822525978
xgbsmote0.1random0.25999999999999994,BaseColor_Buff,0.0026070161256939,0.0059885801747441
xgbsmote0.1random0.25999999999999994,BaseColor_Calico,0.0027635402511805,0.0145159466192126
xgbsmote0.1random0.25999999999999994,BaseColor_Chocolate,0.0034636289346963,0.0044018253684043
xgbsmote0.1random0.25999999999999994,BaseColor_Cream,0.004238998517394,0.0125575168058276
xgbsmote0.1random0.25999999999999994,BaseColor_Fawn,0.0055362936109304,0.0026454394683241
xgbsmote0.1random0.25999999999999994,BaseColor_Flame,0.0011243935441598,0.0001649691112106
xgbsmote0.1random0.25999999999999994,BaseColor_Gold,0.0011318193282932,0.0017128823092207
xgbsmote0.1random0.25999999999999994,BaseColor_Gray,0.0035754675045609,0.0203203335404396
xgbsmote0.1random0.25999999999999994,BaseColor_Lilac,0.0,0.0
xgbsmote0.1random0.25999999999999994,BaseColor_Lynx,0.0045049637556076,0.0058212778531014
xgbsmote0.1random0.25999999999999994,BaseColor_Orange,0.0037783372681587,0.0295666866004467
xgbsmote0.1random0.25999999999999994,BaseColor_Other color,0.0026901166420429,0.0031690082978457
xgbsmote0.1random0.25999999999999994,BaseColor_Red,0.0047619198448956,0.0112357903271913
xgbsmote0.1random0.25999999999999994,BaseColor_Sable,0.0055392649956047,0.0080397687852382
xgbsmote0.1random0.25999999999999994,BaseColor_Seal,0.0013641607947647,0.0032283125910907
xgbsmote0.1random0.25999999999999994,BaseColor_Silver,0.0006382249412126,0.0011652571847662
xgbsmote0.1random0.25999999999999994,BaseColor_Tan,0.0034468786325305,0.0040001436136662
xgbsmote0.1random0.25999999999999994,BaseColor_Torbie,0.004829023964703,0.0018908575875684
xgbsmote0.1random0.25999999999999994,BaseColor_Tortie,0.0038353642448782,0.0041753510013222
xgbsmote0.1random0.25999999999999994,BaseColor_Tricolor,0.0061258324421942,0.0293675623834133
xgbsmote0.1random0.25999999999999994,BaseColor_White,0.0048030414618551,0.0173825863748788
xgbsmote0.1random0.25999999999999994,BaseColor_Yellow,0.0052489722147583,0.0047138989903032
xgbsmote0.1random0.25999999999999994,NS_intake_1,0.0093943318352103,0.1190360337495803
xgbsmote0.1random0.25999999999999994,NS_clinic_1,0.2494878321886062,0.7228745222091675
xgbsmote0.1random0.25999999999999994,City_Manor,0.0044835954904556,0.0076783527620136
xgbsmote0.1random0.25999999999999994,City_Other City,0.0065775229595601,0.002664698055014
xgbsmote0.1random0.25999999999999994,City_Pflugerville,0.0073635326698422,0.0033325173426419
xgbsmote0.1random0.25999999999999994,City_Travis,0.005140527151525,0.0273081194609403
xgbsmote0.1random0.25999999999999994,City_Valle,0.00359863252379,0.0072538182139396
xgbsmote0.1random0.25999999999999994,Gender_Male,0.0037084554787725,0.046110700815916
xgbsmote0.1random0.25999999999999994,Gender_Unknown,0.0174847487360239,0.2358761131763458
xgbsmote0.1random0.25999999999999994,FirstLetterName_B,0.0046656597405672,0.0172838773578405
xgbsmote0.1random0.25999999999999994,FirstLetterName_C,0.0052347937598824,0.0134342331439256
xgbsmote0.1random0.25999999999999994,FirstLetterName_D,0.0040182997472584,0.0053296028636395
xgbsmote0.1random0.25999999999999994,FirstLetterName_E,0.0052798865363001,0.0030804695561528
xgbsmote0.1random0.25999999999999994,FirstLetterName_F,0.0074141016229987,0.0032307177316397
xgbsmote0.1random0.25999999999999994,FirstLetterName_G,0.0048484341241419,0.0048341532237827
xgbsmote0.1random0.25999999999999994,FirstLetterName_H,0.0037559675984084,0.0031524954829365
xgbsmote0.1random0.25999999999999994,FirstLetterName_I,0.003181267529726,0.0050089079886674
xgbsmote0.1random0.25999999999999994,FirstLetterName_ID,0.0031185331754386,0.0062943901866674
xgbsmote0.1random0.25999999999999994,FirstLetterName_J,0.0050320317968726,0.0063697565346956
xgbsmote0.1random0.25999999999999994,FirstLetterName_K,0.0040759495459496,0.0028199593070894
xgbsmote0.1random0.25999999999999994,FirstLetterName_L,0.0053054420277476,0.0113217299804091
xgbsmote0.1random0.25999999999999994,FirstLetterName_M,0.0059810644015669,0.0127107230946421
xgbsmote0.1random0.25999999999999994,FirstLetterName_N,0.0048424205742776,0.0070385579019784
xgbsmote0.1random0.25999999999999994,FirstLetterName_O,0.0044899419881403,0.0122215626761317
xgbsmote0.1random0.25999999999999994,FirstLetterName_P,0.0068287025205791,0.0123519180342555
xgbsmote0.1random0.25999999999999994,FirstLetterName_Q,0.0024364676792174,0.0004885633825324
xgbsmote0.1random0.25999999999999994,FirstLetterName_R,0.0040175663307309,0.0177611913532018
xgbsmote0.1random0.25999999999999994,FirstLetterName_S,0.0067925271578133,0.0059990966692566
xgbsmote0.1random0.25999999999999994,FirstLetterName_T,0.0063135679811239,0.0091735552996397
xgbsmote0.1random0.25999999999999994,FirstLetterName_U,0.0,0.0
xgbsmote0.1random0.25999999999999994,FirstLetterName_Unknown,0.0605544373393058,0.5854702591896057
xgbsmote0.1random0.25999999999999994,FirstLetterName_V,0.0032667538616806,0.0014258545124903
xgbsmote0.1random0.25999999999999994,FirstLetterName_W,0.0037837913259863,0.00708390166983
xgbsmote0.1random0.25999999999999994,FirstLetterName_X,0.0016627265140414,0.0008683212799951
xgbsmote0.1random0.25999999999999994,FirstLetterName_Y,0.0025050188414752,0.000226466305321
xgbsmote0.1random0.25999999999999994,FirstLetterName_Z,0.0061216843314468,0.0006650305585935
xgbsmote0.1random0.25999999999999994,NameLengthBin_long,0.0043493323028087,0.0120954476296901
xgbsmote0.1random0.25999999999999994,NameLengthBin_med,0.0039479522965848,0.0171113349497318
xgbsmote0.1random0.25999999999999994,NameLengthBin_short,0.0069835460744798,0.0063097104430198
xgbsmote0.1random0.125,Age_Shift1,0.0396219342947006,0.9356116652488708
xgbsmote0.1random0.125,Outcome Type_Euthanasia,0.0144932642579078,0.0603107959032058
xgbsmote0.1random0.125,Outcome Type_Other Outcome,0.0070375218056142,0.0222081337124109
xgbsmote0.1random0.125,Outcome Type_Return to Owner,0.0140440072864294,0.1745529621839523
xgbsmote0.1random0.125,Outcome Type_Transfer,0.0150119280442595,0.283212661743164
xgbsmote0.1random0.125,Intake Type_Euthanasia Request,0.0038687058258801,0.0050454088486731
xgbsmote0.1random0.125,Intake Type_Owner Surrender,0.0102353086695075,0.0632640644907951
xgbsmote0.1random0.125,Intake Type_Public Assist,0.0053209061734378,0.0136390859261155
xgbsmote0.1random0.125,Intake Type_Stray,0.0066071162000298,0.042543888092041
xgbsmote0.1random0.125,Intake Type_Wildlife,0.0005841184756718,0.0037927890662103
xgbsmote0.1random0.125,Intake Condition_Injured,0.0118685569614171,0.0111031895503401
xgbsmote0.1random0.125,Intake Condition_Normal,0.011998445726931,0.0506179444491863
xgbsmote0.1random0.125,Intake Condition_Nursing,0.0064662396907806,0.0082005495205521
xgbsmote0.1random0.125,Intake Condition_Other,0.0010355927515774,0.0007059866329655
xgbsmote0.1random0.125,Intake Condition_Sick,0.0049256030470132,0.0057537113316357
xgbsmote0.1random0.125,Pet Type_Cat,0.0064344909042119,0.020807983353734
xgbsmote0.1random0.125,Pet Type_Dog,0.0564688146114349,0.1801821738481521
xgbsmote0.1random0.125,Pet Type_Other,0.0109321922063827,0.0241878740489482
xgbsmote0.1random0.125,MixBreed_Not,0.0075564412400126,0.0408912450075149
xgbsmote0.1random0.125,BaseBreed_Other Bird,0.0015559138264507,0.001949317054823
xgbsmote0.1random0.125,BaseBreed_Other Cat,0.0057695070281624,0.0048625129275023
xgbsmote0.1random0.125,BaseBreed_Other american,0.0042724893428385,0.0015673264861106
xgbsmote0.1random0.125,BaseBreed_Other australian,0.0016374294646084,6.8193934566807e-05
xgbsmote0.1random0.125,BaseBreed_Other black,0.0,0.0
xgbsmote0.1random0.125,BaseBreed_Other bull,0.0063783526420593,0.003520049387589
xgbsmote0.1random0.125,BaseBreed_Other chihuahua,0.0040428196080029,0.0043526142835617
xgbsmote0.1random0.125,BaseBreed_Other collie,0.0041500898078083,0.0053593409247696
xgbsmote0.1random0.125,BaseBreed_Other cur,0.0,0.0
xgbsmote0.1random0.125,BaseBreed_Other dachshund,0.0050418609753251,0.0025063434150069
xgbsmote0.1random0.125,BaseBreed_Other dog,0.0049409652128815,0.0286053270101547
xgbsmote0.1random0.125,BaseBreed_Other great,0.0031563474331051,0.0002600929001346
xgbsmote0.1random0.125,BaseBreed_Other hound,0.0049471096135675,0.0010154355550184
xgbsmote0.1random0.125,BaseBreed_Other husky,0.0,0.0
xgbsmote0.1random0.125,BaseBreed_Other miniature,0.005177428945899,0.002884317189455
xgbsmote0.1random0.125,BaseBreed_Other poodle,0.0024580685421824,0.0019391224486753
xgbsmote0.1random0.125,BaseBreed_Other retriever,0.0046501848846673,0.0043857716955244
xgbsmote0.1random0.125,BaseBreed_Other schnauzer,0.0015475887339562,0.0005651904502883
xgbsmote0.1random0.125,BaseBreed_Other shepherd,0.0042987721972167,0.0099958404898643
xgbsmote0.1random0.125,BaseBreed_Other shorthair,0.0016895354492589,0.0001784545602276
xgbsmote0.1random0.125,BaseBreed_Other terrier,0.0042569381184875,0.0072595584206283
xgbsmote0.1random0.125,BaseBreed_Other welsh,0.0010053172009065,0.000498624460306
xgbsmote0.1random0.125,BaseBreed_bat,0.0014009634032845,0.0003075610729865
xgbsmote0.1random0.125,BaseBreed_beagle,0.0036303540691733,0.0029151041526347
xgbsmote0.1random0.125,BaseBreed_boxer,0.0015989822568371,0.0024257744662463
xgbsmote0.1random0.125,BaseBreed_catahoula,0.0041885478422045,0.0025240024551749
xgbsmote0.1random0.125,BaseBreed_chow chow,0.0019405672792345,0.0004131318710278
xgbsmote0.1random0.125,BaseBreed_dachshund,0.0042422688566148,0.0039485795423388
xgbsmote0.1random0.125,BaseBreed_domestic longhair,0.0026872206944972,0.0044375397264957
xgbsmote0.1random0.125,BaseBreed_domestic medium hair,0.0062345517799258,0.0106155527755618
xgbsmote0.1random0.125,BaseBreed_domestic shorthair,0.006770696491003,0.0386130772531032
xgbsmote0.1random0.125,BaseBreed_german shepherd,0.005354028660804,0.0110043780878186
xgbsmote0.1random0.125,BaseBreed_great pyrenees,0.0037717989180237,0.0064057307317852
xgbsmote0.1random0.125,BaseBreed_guinea pig,0.0027492728549987,0.0052321711555123
xgbsmote0.1random0.125,BaseBreed_maltese,0.0015123329358175,0.0013130404986441
xgbsmote0.1random0.125,BaseBreed_miniature poodle,0.0043654153123497,0.0059503288939595
xgbsmote0.1random0.125,BaseBreed_pit bull,0.0058693387545645,0.0331423319876194
xgbsmote0.1random0.125,BaseBreed_plott hound,0.0059451395645737,0.0014072976773604
xgbsmote0.1random0.125,BaseBreed_pointer,0.0058712777681648,0.0015284285182133
xgbsmote0.1random0.125,BaseBreed_pug,0.0028268748428672,0.0052076177671551
xgbsmote0.1random0.125,BaseBreed_rabbit sh,0.0087187262251973,0.0012578854802995
xgbsmote0.1random0.125,BaseBreed_raccoon,0.0001558235380798,0.0006360214320011
xgbsmote0.1random0.125,BaseBreed_rat,0.0009541872423142,0.00019213615451
xgbsmote0.1random0.125,BaseBreed_rottweiler,0.0002821042144205,0.0001389220560668
xgbsmote0.1random0.125,BaseBreed_shih tzu,0.0034065912477672,0.002035544719547
xgbsmote0.1random0.125,BaseBreed_siamese,0.0043462100438773,0.0040429695509374
xgbsmote0.1random0.125,BaseBreed_siberian husky,0.00442631309852,0.0090913064777851
xgbsmote0.1random0.125,MixColor_No Mix,0.00364282540977,0.038798663765192
xgbsmote0.1random0.125,BaseColor_Blue,0.0036719203926622,0.0313444957137107
xgbsmote0.1random0.125,BaseColor_Brown,0.0035535821225494,0.0480907224118709
xgbsmote0.1random0.125,BaseColor_Buff,0.0023540428373962,0.0039584510959684
xgbsmote0.1random0.125,BaseColor_Calico,0.0018602908821776,0.0150468172505497
xgbsmote0.1random0.125,BaseColor_Chocolate,0.0026501391548663,0.007780258078128
xgbsmote0.1random0.125,BaseColor_Cream,0.0042187571525573,0.0130375381559133
xgbsmote0.1random0.125,BaseColor_Fawn,0.0054334644228219,0.0011651774402707
xgbsmote0.1random0.125,BaseColor_Flame,0.003980838228017,0.0003826803294941
xgbsmote0.1random0.125,BaseColor_Gold,0.0012342343106865,0.0003737420192919
xgbsmote0.1random0.125,BaseColor_Gray,0.0044903941452503,0.0190895199775695
xgbsmote0.1random0.125,BaseColor_Lilac,0.0009526735520921,0.0002565150498412
xgbsmote0.1random0.125,BaseColor_Lynx,0.0059429993852972,0.004580351524055
xgbsmote0.1random0.125,BaseColor_Orange,0.004294347949326,0.0255423132330179
xgbsmote0.1random0.125,BaseColor_Other color,0.0023090573959052,0.0036818103399127
xgbsmote0.1random0.125,BaseColor_Red,0.0043674856424331,0.0135013731196522
xgbsmote0.1random0.125,BaseColor_Sable,0.0029841407667845,0.0083383070304989
xgbsmote0.1random0.125,BaseColor_Seal,0.0036535346880555,0.0024791921023279
xgbsmote0.1random0.125,BaseColor_Silver,0.001468677772209,0.0018619726179167
xgbsmote0.1random0.125,BaseColor_Tan,0.0029045846313238,0.0113927377387881
xgbsmote0.1random0.125,BaseColor_Torbie,0.0031244624406099,0.0074059600010514
xgbsmote0.1random0.125,BaseColor_Tortie,0.0064329686574637,0.0020246393978595
xgbsmote0.1random0.125,BaseColor_Tricolor,0.0061925863847136,0.0304490718990564
xgbsmote0.1random0.125,BaseColor_White,0.0054097040556371,0.0207588169723749
xgbsmote0.1random0.125,BaseColor_Yellow,0.003559588920325,0.0040884036570787
xgbsmote0.1random0.125,NS_intake_1,0.010478432290256,0.1160402223467826
xgbsmote0.1random0.125,NS_clinic_1,0.2641386985778808,0.6661403179168701
xgbsmote0.1random0.125,City_Manor,0.0043855304829776,0.006799915805459
xgbsmote0.1random0.125,City_Other City,0.0064852098003029,0.004943189676851
xgbsmote0.1random0.125,City_Pflugerville,0.0064276461489498,0.0020648841746151
xgbsmote0.1random0.125,City_Travis,0.0050695394165813,0.0241114776581525
xgbsmote0.1random0.125,City_Valle,0.0042060734704136,0.0058188387192785
xgbsmote0.1random0.125,Gender_Male,0.0032455327454954,0.0468333400785923
xgbsmote0.1random0.125,Gender_Unknown,0.0212244447320699,0.2162832468748092
xgbsmote0.1random0.125,FirstLetterName_B,0.0043655955232679,0.0130768427625298
xgbsmote0.1random0.125,FirstLetterName_C,0.0044384682551026,0.0083112549036741
xgbsmote0.1random0.125,FirstLetterName_D,0.0046507846564054,0.0036037371028214
xgbsmote0.1random0.125,FirstLetterName_E,0.0052612600848078,0.0034798502456396
xgbsmote0.1random0.125,FirstLetterName_F,0.0054913219064474,0.0025985380634665
xgbsmote0.1random0.125,FirstLetterName_G,0.0064186565577983,0.0039535756222903
xgbsmote0.1random0.125,FirstLetterName_H,0.0053334580734372,0.0050712949596345
xgbsmote0.1random0.125,FirstLetterName_I,0.0049529471434652,0.0055236183106899
xgbsmote0.1random0.125,FirstLetterName_ID,0.0030792336910963,0.0057309786789119
xgbsmote0.1random0.125,FirstLetterName_J,0.0047904336825013,0.0086755212396383
xgbsmote0.1random0.125,FirstLetterName_K,0.0048363045789301,0.0020664662588387
xgbsmote0.1random0.125,FirstLetterName_L,0.0046546929515898,0.0155371204018592
xgbsmote0.1random0.125,FirstLetterName_M,0.0039532235823571,0.0095622790977358
xgbsmote0.1random0.125,FirstLetterName_N,0.0061500268056988,0.0063490322791039
xgbsmote0.1random0.125,FirstLetterName_O,0.0047405725345015,0.0083273816853761
xgbsmote0.1random0.125,FirstLetterName_P,0.0062147579155862,0.0118551785126328
xgbsmote0.1random0.125,FirstLetterName_Q,0.0019757237751036,0.0009565923246555
xgbsmote0.1random0.125,FirstLetterName_R,0.0037688654847443,0.0133496709167957
xgbsmote0.1random0.125,FirstLetterName_S,0.0046109063550829,0.0166216287761926
xgbsmote0.1random0.125,FirstLetterName_T,0.005081498529762,0.0088621797040104
xgbsmote0.1random0.125,FirstLetterName_U,0.0,0.0
xgbsmote0.1random0.125,FirstLetterName_Unknown,0.0531141720712184,0.5738219618797302
xgbsmote0.1random0.125,FirstLetterName_V,0.0014415754703804,0.0017068792367354
xgbsmote0.1random0.125,FirstLetterName_W,0.004793572705239,0.0076163848862051
xgbsmote0.1random0.125,FirstLetterName_X,0.0027997803408652,0.000482876173919
xgbsmote0.1random0.125,FirstLetterName_Y,0.006206952035427,0.0007729030330665
xgbsmote0.1random0.125,FirstLetterName_Z,0.0063803638331592,0.0002818035718519
xgbsmote0.1random0.125,NameLengthBin_long,0.0043760924600064,0.0210376717150211
xgbsmote0.1random0.125,NameLengthBin_med,0.0037106284871697,0.0180165935307741
xgbsmote0.1random0.125,NameLengthBin_short,0.0073221917264163,0.0069155436940491
xgb6,Age_Shift1,0.0297226719558239,0.9242586493492126
xgb6,Outcome Type_Euthanasia,0.0135278273373842,0.0508380569517612
xgb6,Outcome Type_Other Outcome,0.0084088174626231,0.0209656171500682
xgb6,Outcome Type_Return to Owner,0.0118303829804062,0.1646189242601394
xgb6,Outcome Type_Transfer,0.0201614815741777,0.3065374791622162
xgb6,Intake Type_Euthanasia Request,0.0025174494367092,0.0031865136697888
xgb6,Intake Type_Owner Surrender,0.0088487192988395,0.0648369491100311
xgb6,Intake Type_Public Assist,0.0043794843368232,0.0134139154106378
xgb6,Intake Type_Stray,0.0084483157843351,0.0295430701225996
xgb6,Intake Type_Wildlife,0.0140280527994036,0.0043216533958911
xgb6,Intake Condition_Injured,0.0162390228360891,0.0143175022676587
xgb6,Intake Condition_Normal,0.0103088617324829,0.0502258166670799
xgb6,Intake Condition_Nursing,0.0052859936840832,0.0030201761983335
xgb6,Intake Condition_Other,0.0032679049763828,0.0017257643630728
xgb6,Intake Condition_Sick,0.005835055373609,0.0085160937160253
xgb6,Pet Type_Cat,0.0328362323343753,0.0725993663072586
xgb6,Pet Type_Dog,0.0420160815119743,0.1335453391075134
xgb6,Pet Type_Other,0.0061548636294901,0.0203305669128894
xgb6,MixBreed_Not,0.0088579161092638,0.036732368171215
xgb6,BaseBreed_Other Bird,0.0014464313862845,0.0037282146513462
xgb6,BaseBreed_Other Cat,0.0043274275958538,0.0058153984136879
xgb6,BaseBreed_Other american,0.0,0.0
xgb6,BaseBreed_Other australian,0.0006713856710121,0.0005093538784421
xgb6,BaseBreed_Other black,0.0,0.0
xgb6,BaseBreed_Other bull,0.0066539971157908,0.0044087897986173
xgb6,BaseBreed_Other chihuahua,0.0044596032239496,0.0063804732635617
xgb6,BaseBreed_Other collie,0.002797448541969,0.0049210120923817
xgb6,BaseBreed_Other cur,0.0,0.0
xgb6,BaseBreed_Other dachshund,0.0049190227873623,0.0020372732542455
xgb6,BaseBreed_Other dog,0.0045431866310536,0.0159346554428339
xgb6,BaseBreed_Other great,0.0031713016796857,0.0008970814524218
xgb6,BaseBreed_Other hound,0.0061088083311915,0.0020926969591528
xgb6,BaseBreed_Other husky,0.0034013167023658,0.0005025799619033
xgb6,BaseBreed_Other miniature,0.0052971090190112,0.0026278863660991
xgb6,BaseBreed_Other poodle,0.0030913136433809,0.0025757504627108
xgb6,BaseBreed_Other retriever,0.0043411222286522,0.0076951258815824
xgb6,BaseBreed_Other schnauzer,0.0016018339665606,0.0004135897324886
xgb6,BaseBreed_Other shepherd,0.0036227439995855,0.0095298308879137
xgb6,BaseBreed_Other shorthair,0.0007587555446662,0.0001244271843461
xgb6,BaseBreed_Other terrier,0.0053139990195631,0.0037687364965677
xgb6,BaseBreed_Other welsh,0.0016633049817755,0.0009153541759587
xgb6,BaseBreed_bat,0.0034070268739014,0.0005593069945462
xgb6,BaseBreed_beagle,0.0013756538974121,0.0064688930287957
xgb6,BaseBreed_boxer,0.0011203204048797,0.0033037005923688
xgb6,BaseBreed_catahoula,0.0008978937403298,0.0015898508718237
xgb6,BaseBreed_chow chow,0.0,0.0
xgb6,BaseBreed_dachshund,0.0063064848072826,0.0023460311349481
xgb6,BaseBreed_domestic longhair,0.0035042846575379,0.0007380522438324
xgb6,BaseBreed_domestic medium hair,0.0047487146221101,0.0075942152179777
xgb6,BaseBreed_domestic shorthair,0.0057830102741718,0.0505621880292892
xgb6,BaseBreed_german shepherd,0.0045145037584006,0.0065520931966602
xgb6,BaseBreed_great pyrenees,0.0043497714214026,0.0038780777249485
xgb6,BaseBreed_guinea pig,0.0031426097266376,0.0044017983600497
xgb6,BaseBreed_maltese,0.001323145115748,0.0011662048054859
xgb6,BaseBreed_miniature poodle,0.0027914599049836,0.0034317653626203
xgb6,BaseBreed_pit bull,0.0066621419973671,0.0316727757453918
xgb6,BaseBreed_plott hound,0.0013453472638502,0.0017402684316039
xgb6,BaseBreed_pointer,0.0041548949666321,0.0023680988233536
xgb6,BaseBreed_pug,0.0017246005591005,0.0028859616722911
xgb6,BaseBreed_rabbit sh,0.0047564134001731,0.0016463206848129
xgb6,BaseBreed_raccoon,0.0001941689843079,0.0006879309657961
xgb6,BaseBreed_rat,0.0,0.0
xgb6,BaseBreed_rottweiler,0.004613475408405,0.0016088965348899
xgb6,BaseBreed_shih tzu,0.0025467723608016,0.0014823270030319
xgb6,BaseBreed_siamese,0.0051694214344024,0.0094039570540189
xgb6,BaseBreed_siberian husky,0.0043510273098945,0.0061734514310956
xgb6,MixColor_No Mix,0.0033684158697724,0.0421540588140487
xgb6,BaseColor_Blue,0.0051428950391709,0.0262695401906967
xgb6,BaseColor_Brown,0.0036643929779529,0.0381944365799427
xgb6,BaseColor_Buff,0.0015039420686662,0.0025365985929965
xgb6,BaseColor_Calico,0.0024473764933645,0.0170479267835617
xgb6,BaseColor_Chocolate,0.0031487720552831,0.008305586874485
xgb6,BaseColor_Cream,0.00539769558236,0.0088671343401074
xgb6,BaseColor_Fawn,0.0048896400257945,0.0013014583382755
xgb6,BaseColor_Flame,0.0031413214746862,0.0003931447863578
xgb6,BaseColor_Gold,0.0,0.0
xgb6,BaseColor_Gray,0.0043836259283125,0.020014276728034
xgb6,BaseColor_Lilac,0.0006360370316542,0.0005072544445283
xgb6,BaseColor_Lynx,0.0043612965382635,0.0092364447191357
xgb6,BaseColor_Orange,0.0047666649334132,0.0251107681542634
xgb6,BaseColor_Other color,0.0024766416754573,0.0035324655473232
xgb6,BaseColor_Red,0.007248000241816,0.0090975938364863
xgb6,BaseColor_Sable,0.0077751781791448,0.0079127801582217
xgb6,BaseColor_Seal,0.0028316664975136,0.0034169529099017
xgb6,BaseColor_Silver,0.0009813391370698,0.0014369905693456
xgb6,BaseColor_Tan,0.0049480102024972,0.0061880662105977
xgb6,BaseColor_Torbie,0.0035053384490311,0.0054416046477854
xgb6,BaseColor_Tortie,0.0044947676360607,0.0049821720458567
xgb6,BaseColor_Tricolor,0.003589320462197,0.0237732715904712
xgb6,BaseColor_White,0.0054702232591807,0.0199669916182756
xgb6,BaseColor_Yellow,0.0059383763000369,0.0058814967051148
xgb6,NS_intake_1,0.0115491896867752,0.1339922994375229
xgb6,NS_clinic_1,0.2585118412971496,0.640708863735199
xgb6,City_Manor,0.0048649734817445,0.0063451086170971
xgb6,City_Other City,0.0055970624089241,0.0035417799372226
xgb6,City_Pflugerville,0.0052485018968582,0.0032322441693395
xgb6,City_Travis,0.005993659608066,0.028109336271882
xgb6,City_Valle,0.0055586933158338,0.004848102107644
xgb6,Gender_Male,0.003416147083044,0.0415188372135162
xgb6,Gender_Unknown,0.0190406944602727,0.1839416921138763
xgb6,FirstLetterName_B,0.0041997716762125,0.0074669728055596
xgb6,FirstLetterName_C,0.0050011500716209,0.0080398144200444
xgb6,FirstLetterName_D,0.0075791520066559,0.0050070723518729
xgb6,FirstLetterName_E,0.0046726376749575,0.0025943908840417
xgb6,FirstLetterName_F,0.0052296710200607,0.0042437557131052
xgb6,FirstLetterName_G,0.0065064583905041,0.0066900281235575
xgb6,FirstLetterName_H,0.0064445678144693,0.0045522805303335
xgb6,FirstLetterName_I,0.0036356239579617,0.0057765524834394
xgb6,FirstLetterName_ID,0.001190438051708,0.003705907613039
xgb6,FirstLetterName_J,0.0075424769893288,0.0054411361925303
xgb6,FirstLetterName_K,0.0045001162216067,0.0021355133503675
xgb6,FirstLetterName_L,0.0046914340928196,0.0087854275479912
xgb6,FirstLetterName_M,0.0058204191736876,0.0088918739929795
xgb6,FirstLetterName_N,0.0068316152319312,0.0039920643903315
xgb6,FirstLetterName_O,0.0046938848681747,0.0076527488417923
xgb6,FirstLetterName_P,0.0062985117547214,0.0133957909420132
xgb6,FirstLetterName_Q,0.0040933191776275,0.0004806159995496
xgb6,FirstLetterName_R,0.0046606231480836,0.0126311695203185
xgb6,FirstLetterName_S,0.0046466966159641,0.0076553896069526
xgb6,FirstLetterName_T,0.0057866154238581,0.0101411482319235
xgb6,FirstLetterName_U,0.0021905219182372,0.0002961241698358
xgb6,FirstLetterName_Unknown,0.0464759320020675,0.5393405556678772
xgb6,FirstLetterName_V,0.0024802342522889,0.0015106232604011
xgb6,FirstLetterName_W,0.0046226410195231,0.0063572763465344
xgb6,FirstLetterName_X,0.0022218166850507,0.0002107366453856
xgb6,FirstLetterName_Y,0.0037825058680027,0.0010987239656969
xgb6,FirstLetterName_Z,0.0053063407540321,0.0003641881921794
xgb6,NameLengthBin_long,0.0064770183525979,0.0161754358559846
xgb6,NameLengthBin_med,0.0030692215077579,0.0206023268401622
xgb6,NameLengthBin_short,0.0038085184060037,0.0086039034649729
log3,Age_Shift1,-4.572602458918855e-06,
log3,Outcome Type_Euthanasia,-0.6760249739384234,
log3,Outcome Type_Other Outcome,0.025622036702651355,
log3,Outcome Type_Return to Owner,-0.9467289339791939,
log3,Outcome Type_Transfer,-1.2972083918327066,
log3,Intake Type_Euthanasia Request,-0.04110342167318999,
log3,Intake Type_Owner Surrender,-0.23420812999430704,
log3,Intake Type_Public Assist,-0.026418523222604705,
log3,Intake Type_Stray,0.27771347564498866,
log3,Intake Type_Wildlife,-0.31698670852399846,
log3,Intake Condition_Injured,-0.2601334417238204,
log3,Intake Condition_Normal,-0.481084744232158,
log3,Intake Condition_Nursing,0.6979381310842191,
log3,Intake Condition_Other,-0.047314669892226456,
log3,Intake Condition_Sick,-0.20858484094084978,
log3,Pet Type_Cat,0.5059646775382535,
log3,Pet Type_Dog,-0.5237006852261203,
log3,Pet Type_Other,-0.27480509518185314,
log3,MixBreed_Not,0.1279566724185845,
log3,BaseBreed_Other Bird,-0.012141931658037626,
log3,BaseBreed_Other Cat,0.0044878765380466845,
log3,BaseBreed_Other american,0.03151685545671204,
log3,BaseBreed_Other australian,-0.017204648546115198,
log3,BaseBreed_Other black,-0.0044411592547798475,
log3,BaseBreed_Other bull,0.03286622473006383,
log3,BaseBreed_Other chihuahua,0.03544763718854976,
log3,BaseBreed_Other collie,-0.04319103279137853,
log3,BaseBreed_Other cur,0.011166014974247452,
log3,BaseBreed_Other dachshund,0.045379651325913484,
log3,BaseBreed_Other dog,0.04371357939156592,
log3,BaseBreed_Other great,-0.003377882911296222,
log3,BaseBreed_Other hound,0.004831906666924567,
log3,BaseBreed_Other husky,0.0007393668595223156,
log3,BaseBreed_Other miniature,0.03857470362949813,
log3,BaseBreed_Other poodle,0.021264838217060062,
log3,BaseBreed_Other retriever,-0.017841856817748112,
log3,BaseBreed_Other schnauzer,-0.00996199797050683,
log3,BaseBreed_Other shepherd,-0.06653885328294326,
log3,BaseBreed_Other shorthair,-0.006850954104226299,
log3,BaseBreed_Other terrier,-0.15704323917140928,
log3,BaseBreed_Other welsh,-0.021060109577314058,
log3,BaseBreed_bat,-0.19441412836176236,
log3,BaseBreed_beagle,-0.060872429893155486,
log3,BaseBreed_boxer,-0.05033878386946105,
log3,BaseBreed_catahoula,-0.023754562301165662,
log3,BaseBreed_chow chow,0.004025506848161324,
log3,BaseBreed_dachshund,0.002898151435827701,
log3,BaseBreed_domestic longhair,0.05390067317230567,
log3,BaseBreed_domestic medium hair,0.17258683524046614,
log3,BaseBreed_domestic shorthair,0.2068260758189461,
log3,BaseBreed_german shepherd,-0.09104696816698062,
log3,BaseBreed_great pyrenees,-0.07167573184981067,
log3,BaseBreed_guinea pig,-0.037413808321758495,
log3,BaseBreed_maltese,0.01668105345952644,
log3,BaseBreed_miniature poodle,-0.03554695177911992,
log3,BaseBreed_pit bull,0.007964799071374627,
log3,BaseBreed_plott hound,0.004507530733430286,
log3,BaseBreed_pointer,-0.009322072781778268,
log3,BaseBreed_pug,-0.051756166459183045,
log3,BaseBreed_rabbit sh,0.04837786984911813,
log3,BaseBreed_raccoon,-0.07241108507365866,
log3,BaseBreed_rat,-0.003978317118195038,
log3,BaseBreed_rottweiler,-0.042158962107314,
log3,BaseBreed_shih tzu,0.021996606915506197,
log3,BaseBreed_siamese,0.0681632167578187,
log3,BaseBreed_siberian husky,-0.0632907485009305,
log3,MixColor_No Mix,0.10709676336724565,
log3,BaseColor_Blue,-0.02228091676468359,
log3,BaseColor_Brown,0.0007005290214142455,
log3,BaseColor_Buff,-0.043054139277000754,
log3,BaseColor_Calico,-0.0593230888750515,
log3,BaseColor_Chocolate,-0.02690664559889896,
log3,BaseColor_Cream,-0.003905209034222693,
log3,BaseColor_Fawn,0.020122285843134892,
log3,BaseColor_Flame,0.00900770445097925,
log3,BaseColor_Gold,-0.03030517759130852,
log3,BaseColor_Gray,-0.20616798448062212,
log3,BaseColor_Lilac,-0.002650579432504367,
log3,BaseColor_Lynx,-0.008037850193227298,
log3,BaseColor_Orange,-0.16529047888970885,
log3,BaseColor_Other color,-0.040213424193709144,
log3,BaseColor_Red,-0.12108252008265682,
log3,BaseColor_Sable,0.004299371496051366,
log3,BaseColor_Seal,0.01653145287886874,
log3,BaseColor_Silver,-0.030695318432119947,
log3,BaseColor_Tan,-0.03380106356706931,
log3,BaseColor_Torbie,0.025711381137309454,
log3,BaseColor_Tortie,0.026500201104927717,
log3,BaseColor_Tricolor,-0.0862261219683493,
log3,BaseColor_White,0.04408913525033395,
log3,BaseColor_Yellow,0.06414507568721914,
log3,NS_intake_1,0.4855600250304039,
log3,NS_clinic_1,1.2705065749031619,
log3,City_Manor,0.04369855991757008,
log3,City_Other City,-0.06553203866264325,
log3,City_Pflugerville,0.025780118045004956,
log3,City_Travis,0.28551490654600387,
log3,City_Valle,-0.008409162143139248,
log3,Gender_Male,0.07141700120954941,
log3,Gender_Unknown,-0.8752890289561033,
log3,FirstLetterName_B,0.0452708116392282,
log3,FirstLetterName_C,0.05179492228769902,
log3,FirstLetterName_D,0.09798840301564064,
log3,FirstLetterName_E,0.07741656652891654,
log3,FirstLetterName_F,0.07103439846874982,
log3,FirstLetterName_G,0.13611415877609498,
log3,FirstLetterName_H,0.012072223190889988,
log3,FirstLetterName_I,-0.0441303453075591,
log3,FirstLetterName_ID,-0.04657619842968896,
log3,FirstLetterName_J,0.026850580793170868,
log3,FirstLetterName_K,-0.07204371898477735,
log3,FirstLetterName_L,-0.03697855255531077,
log3,FirstLetterName_M,-0.02240942583977689,
log3,FirstLetterName_N,-0.05219851965156345,
log3,FirstLetterName_O,-0.006507879287730156,
log3,FirstLetterName_P,0.15331886322655122,
log3,FirstLetterName_Q,-0.0067663325963742285,
log3,FirstLetterName_R,-0.05537651995831337,
log3,FirstLetterName_S,0.05113634395959125,
log3,FirstLetterName_T,0.07336595420182225,
log3,FirstLetterName_U,0.002070982100490352,
log3,FirstLetterName_Unknown,-0.8628820220386427,
log3,FirstLetterName_V,-0.011459350200638546,
log3,FirstLetterName_W,0.03156577518898864,
log3,FirstLetterName_X,-0.006121736601226782,
log3,FirstLetterName_Y,-0.014900413907150268,
log3,FirstLetterName_Z,0.019851210375997765,
log3,NameLengthBin_long,0.2515139050823822,
log3,NameLengthBin_med,0.09061399380328676,
log3,NameLengthBin_short,0.1747838795453735,
